File,Date,Time,Count,0:05,,,,,
155,1/3/17 17:50,,0,,,,,,
156,1/3/17 17:55,,0,,,,,,
157,1/3/17 18:00,,0,,,,,,
158,1/3/17 18:05,,0,,,,,,
159,1/3/17 18:10,,0,,,,,,
160,1/3/17 18:15,,0,,,,,,
161,1/3/17 18:20,,0,,,,,,
162,1/3/17 18:25,,1,6.15E+00,,,,,
163,1/3/17 18:30,,0,,,,,,
164,1/3/17 18:35,,0,,,,,,
165,1/3/17 18:40,,0,,,,,,
166,1/3/17 18:45,,0,,,,,,
167,1/3/17 18:50,,0,,,,,,
168,1/3/17 18:55,,0,,,,,,
169,1/3/17 19:00,,0,,,,,,
170,1/3/17 19:05,,0,,,,,,
171,1/3/17 19:10,,0,,,,,,
172,1/3/17 19:15,,0,,,,,,
173,1/3/17 19:20,,0,,,,,,
174,1/3/17 19:25,,0,,,,,,
175,1/3/17 19:30,,0,,,,,,
176,1/3/17 19:35,,0,,,,,,
177,1/3/17 19:40,,0,,,,,,
178,1/3/17 19:45,,0,,,,,,
179,1/3/17 19:50,,0,,,,,,
180,1/3/17 19:55,,0,,,,,,
181,1/3/17 20:00,,0,,,,,,
182,1/3/17 20:05,,0,,,,,,
183,1/3/17 20:10,,0,,,,,,
184,1/3/17 20:15,,0,,,,,,
185,1/3/17 20:20,,0,,,,,,
186,1/3/17 20:25,,0,,,,,,
187,1/3/17 20:30,,0,,,,,,
188,1/3/17 20:35,,0,,,,,,
189,1/3/17 20:40,,0,,,,,,
190,1/3/17 20:45,,0,,,,,,
191,1/3/17 20:50,,0,,,,,,
192,1/3/17 20:55,,0,,,,,,
193,1/3/17 21:00,,0,,,,,,
194,1/3/17 21:05,,0,,,,,,
195,1/3/17 21:10,,0,,,,,,
196,1/3/17 21:15,,0,,,,,,
197,1/3/17 21:20,,0,,,,,,
198,1/3/17 21:25,,0,,,,,,
199,1/3/17 21:30,,0,,,,,,
200,1/3/17 21:35,,0,,,,,,
201,1/3/17 21:40,,0,,,,,,
202,1/3/17 21:45,,0,,,,,,
203,1/3/17 21:50,,0,,,,,,
204,1/3/17 21:55,,0,,,,,,
205,1/3/17 22:00,,0,,,,,,
206,1/3/17 22:05,,0,,,,,,
207,1/3/17 22:10,,0,,,,,,
208,1/3/17 22:15,,0,,,,,,
209,1/3/17 22:20,,0,,,,,,
210,1/3/17 22:25,,0,,,,,,
211,1/3/17 22:30,,0,,,,,,
212,1/3/17 22:35,,0,,,,,,
213,1/3/17 22:40,,0,,,,,,
214,1/3/17 22:45,,0,,,,,,
215,1/3/17 22:50,,0,,,,,,
216,1/3/17 22:55,,0,,,,,,
217,1/3/17 23:00,,0,,,,,,
218,1/3/17 23:05,,0,,,,,,
219,1/3/17 23:10,,0,,,,,,
220,1/3/17 23:15,,2,3.74E+01,5.82E+01,,,,
221,1/3/17 23:20,,0,,,,,,
222,1/3/17 23:25,,0,,,,,,
223,1/3/17 23:30,,0,,,,,,
224,1/3/17 23:35,,0,,,,,,
225,1/3/17 23:40,,0,,,,,,
226,1/3/17 23:45,,0,,,,,,
227,1/3/17 23:50,,0,,,,,,
228,1/3/17 23:55,,0,,,,,,
229,1/4/17 0:00,,0,,,,,,
230,1/4/17 0:05,,0,,,,,,
231,1/4/17 0:10,,0,,,,,,
232,1/4/17 0:15,,0,,,,,,
233,1/4/17 0:20,,0,,,,,,
234,1/4/17 0:25,,0,,,,,,
235,1/4/17 0:30,,0,,,,,,
236,1/4/17 0:35,,0,,,,,,
237,1/4/17 0:40,,0,,,,,,
238,1/4/17 0:45,,0,,,,,,
239,1/4/17 0:50,,0,,,,,,
240,1/4/17 0:55,,0,,,,,,
241,1/4/17 1:00,,0,,,,,,
242,1/4/17 1:05,,0,,,,,,
243,1/4/17 1:10,,0,,,,,,
244,1/4/17 1:15,,1,2.70E+01,,,,,
245,1/4/17 1:20,,0,,,,,,
246,1/4/17 1:25,,0,,,,,,
247,1/4/17 1:30,,0,,,,,,
248,1/4/17 1:35,,1,2.92E+01,,,,,
249,1/4/17 1:40,,0,,,,,,
250,1/4/17 1:45,,0,,,,,,
251,1/4/17 1:50,,0,,,,,,
252,1/4/17 1:55,,0,,,,,,
253,1/4/17 2:00,,0,,,,,,
254,1/4/17 2:05,,0,,,,,,
255,1/4/17 2:10,,0,,,,,,
256,1/4/17 2:15,,0,,,,,,
257,1/4/17 2:20,,0,,,,,,
258,1/4/17 2:25,,0,,,,,,
259,1/4/17 2:30,,0,,,,,,
260,1/4/17 2:35,,0,,,,,,
261,1/4/17 2:40,,0,,,,,,
262,1/4/17 2:45,,0,,,,,,
263,1/4/17 2:50,,0,,,,,,
264,1/4/17 2:55,,0,,,,,,
265,1/4/17 3:00,,0,,,,,,
266,1/4/17 3:05,,0,,,,,,
267,1/4/17 3:10,,0,,,,,,
268,1/4/17 3:15,,0,,,,,,
269,1/4/17 3:20,,0,,,,,,
270,1/4/17 3:25,,0,,,,,,
271,1/4/17 3:30,,0,,,,,,
272,1/4/17 3:35,,0,,,,,,
273,1/4/17 3:40,,0,,,,,,
274,1/4/17 3:45,,0,,,,,,
275,1/4/17 3:50,,0,,,,,,
276,1/4/17 3:55,,0,,,,,,
277,1/4/17 4:00,,0,,,,,,
278,1/4/17 4:05,,0,,,,,,
279,1/4/17 4:10,,0,,,,,,
280,1/4/17 4:15,,0,,,,,,
281,1/4/17 4:20,,0,,,,,,
282,1/4/17 4:25,,0,,,,,,
283,1/4/17 4:30,,0,,,,,,
284,1/4/17 4:35,,0,,,,,,
285,1/4/17 4:40,,0,,,,,,
286,1/4/17 4:45,,0,,,,,,
287,1/4/17 4:50,,0,,,,,,
288,1/4/17 4:55,,0,,,,,,
289,1/4/17 5:00,,0,,,,,,
290,1/4/17 5:05,,0,,,,,,
291,1/4/17 5:10,,0,,,,,,
292,1/4/17 5:15,,0,,,,,,
293,1/4/17 5:20,,0,,,,,,
294,1/4/17 5:25,,0,,,,,,
295,1/4/17 5:30,,0,,,,,,
296,1/4/17 5:35,,0,,,,,,
297,1/4/17 5:40,,0,,,,,,
298,1/4/17 5:45,,0,,,,,,
299,1/4/17 5:50,,0,,,,,,
300,1/4/17 5:55,,0,,,,,,
301,1/4/17 6:00,,0,,,,,,
302,1/4/17 6:05,,0,,,,,,
303,1/4/17 6:10,,0,,,,,,
304,1/4/17 6:15,,0,,,,,,
305,1/4/17 6:20,,0,,,,,,
306,1/4/17 6:25,,0,,,,,,
307,1/4/17 6:30,,0,,,,,,
308,1/4/17 6:35,,0,,,,,,
309,1/4/17 6:40,,0,,,,,,
310,1/4/17 6:45,,0,,,,,,
311,1/4/17 6:50,,0,,,,,,
312,1/4/17 6:55,,0,,,,,,
313,1/4/17 7:00,,0,,,,,,
314,1/4/17 7:05,,0,,,,,,
315,1/4/17 7:10,,0,,,,,,
316,1/4/17 7:15,,0,,,,,,
317,1/4/17 7:20,,0,,,,,,
318,1/4/17 7:25,,0,,,,,,
319,1/4/17 7:30,,0,,,,,,
320,1/4/17 7:35,,0,,,,,,
321,1/4/17 7:40,,0,,,,,,
322,1/4/17 7:45,,0,,,,,,
323,1/4/17 7:50,,0,,,,,,
324,1/4/17 7:55,,0,,,,,,
325,1/4/17 8:00,,0,,,,,,
326,1/4/17 8:05,,0,,,,,,
327,1/4/17 8:10,,0,,,,,,
328,1/4/17 8:15,,0,,,,,,
329,1/4/17 8:20,,0,,,,,,
330,1/4/17 8:25,,0,,,,,,
331,1/4/17 8:30,,0,,,,,,
332,1/4/17 8:35,,0,,,,,,
333,1/4/17 8:40,,0,,,,,,
334,1/4/17 8:45,,0,,,,,,
335,1/4/17 8:50,,0,,,,,,
336,1/4/17 8:55,,0,,,,,,
337,1/4/17 9:00,,0,,,,,,
338,1/4/17 9:05,,0,,,,,,
339,1/4/17 9:10,,0,,,,,,
340,1/4/17 9:15,,0,,,,,,
341,1/4/17 9:20,,0,,,,,,
342,1/4/17 9:25,,0,,,,,,
343,1/4/17 9:30,,1,3.35E+01,,,,,
344,1/4/17 9:35,,0,,,,,,
345,1/4/17 9:40,,0,,,,,,
346,1/4/17 9:45,,0,,,,,,
347,1/4/17 9:50,,0,,,,,,
348,1/4/17 9:55,,0,,,,,,
349,1/4/17 10:00,,0,,,,,,
350,1/4/17 10:05,,0,,,,,,
351,1/4/17 10:10,,0,,,,,,
352,1/4/17 10:15,,0,,,,,,
353,1/4/17 10:20,,0,,,,,,
354,1/4/17 10:25,,0,,,,,,
355,1/4/17 10:30,,0,,,,,,
356,1/4/17 10:35,,0,,,,,,
357,1/4/17 10:40,,0,,,,,,
358,1/4/17 10:45,,0,,,,,,
359,1/4/17 10:50,,0,,,,,,
360,1/4/17 10:55,,0,,,,,,
361,1/4/17 11:00,,0,,,,,,
362,1/4/17 11:05,,0,,,,,,
363,1/4/17 11:10,,0,,,,,,
364,1/4/17 11:15,,0,,,,,,
365,1/4/17 11:20,,0,,,,,,
366,1/4/17 11:25,,0,,,,,,
367,1/4/17 11:30,,0,,,,,,
368,1/4/17 11:35,,0,,,,,,
369,1/4/17 11:40,,0,,,,,,
370,1/4/17 11:45,,0,,,,,,
371,1/4/17 11:50,,0,,,,,,
372,1/4/17 11:55,,0,,,,,,
373,1/4/17 12:00,,0,,,,,,
374,1/4/17 12:05,,0,,,,,,
375,1/4/17 12:10,,0,,,,,,
376,1/4/17 12:15,,0,,,,,,
377,1/4/17 12:20,,0,,,,,,
378,1/4/17 12:25,,0,,,,,,
379,1/4/17 12:30,,0,,,,,,
380,1/4/17 12:35,,0,,,,,,
381,1/4/17 12:40,,0,,,,,,
382,1/4/17 12:45,,0,,,,,,
383,1/4/17 12:50,,0,,,,,,
384,1/4/17 12:55,,0,,,,,,
385,1/4/17 13:00,,0,,,,,,
386,1/4/17 13:05,,0,,,,,,
387,1/4/17 13:10,,0,,,,,,
388,1/4/17 13:15,,0,,,,,,
389,1/4/17 13:20,,0,,,,,,
390,1/4/17 13:25,,0,,,,,,
391,1/4/17 13:30,,0,,,,,,
392,1/4/17 13:35,,0,,,,,,
393,1/4/17 13:40,,0,,,,,,
394,1/4/17 13:45,,0,,,,,,
395,1/4/17 13:50,,0,,,,,,
396,1/4/17 13:55,,0,,,,,,
397,1/4/17 14:00,,0,,,,,,
398,1/4/17 14:05,,0,,,,,,
399,1/4/17 14:10,,0,,,,,,
400,1/4/17 14:15,,0,,,,,,
401,1/4/17 14:20,,0,,,,,,
402,1/4/17 14:25,,0,,,,,,
403,1/4/17 14:30,,0,,,,,,
404,1/4/17 14:35,,0,,,,,,
405,1/4/17 14:40,,0,,,,,,
406,1/4/17 14:45,,0,,,,,,
407,1/4/17 14:50,,0,,,,,,
408,1/4/17 14:55,,0,,,,,,
409,1/4/17 15:00,,0,,,,,,
410,1/4/17 15:05,,0,,,,,,
411,1/4/17 15:10,,0,,,,,,
412,1/4/17 15:15,,0,,,,,,
413,1/4/17 15:20,,0,,,,,,
414,1/4/17 15:25,,0,,,,,,
415,1/4/17 15:30,,0,,,,,,
416,1/4/17 15:35,,0,,,,,,
417,1/4/17 15:40,,0,,,,,,
418,1/4/17 15:45,,0,,,,,,
419,1/4/17 15:50,,0,,,,,,
420,1/4/17 15:55,,0,,,,,,
421,1/4/17 16:00,,0,,,,,,
422,1/4/17 16:05,,0,,,,,,
423,1/4/17 16:10,,0,,,,,,
424,1/4/17 16:15,,0,,,,,,
425,1/4/17 16:20,,0,,,,,,
426,1/4/17 16:25,,0,,,,,,
427,1/4/17 16:30,,0,,,,,,
428,1/4/17 16:35,,0,,,,,,
429,1/4/17 16:40,,0,,,,,,
430,1/4/17 16:45,,0,,,,,,
431,1/4/17 16:50,,0,,,,,,
432,1/4/17 16:55,,0,,,,,,
433,1/4/17 17:00,,0,,,,,,
434,1/4/17 17:05,,0,,,,,,
435,1/4/17 17:10,,0,,,,,,
436,1/4/17 17:15,,0,,,,,,
437,1/4/17 17:20,,0,,,,,,
438,1/4/17 17:25,,0,,,,,,
439,1/4/17 17:30,,0,,,,,,
440,1/4/17 17:35,,0,,,,,,
441,1/4/17 17:40,,0,,,,,,
442,1/4/17 17:45,,0,,,,,,
443,1/4/17 17:50,,0,,,,,,
444,1/4/17 17:55,,0,,,,,,
445,1/4/17 18:00,,0,,,,,,
446,1/4/17 18:05,,0,,,,,,
447,1/4/17 18:10,,0,,,,,,
448,1/4/17 18:15,,0,,,,,,
449,1/4/17 18:20,,0,,,,,,
450,1/4/17 18:25,,0,,,,,,
451,1/4/17 18:30,,0,,,,,,
452,1/4/17 18:35,,0,,,,,,
453,1/4/17 18:40,,0,,,,,,
454,1/4/17 18:45,,0,,,,,,
455,1/4/17 18:50,,0,,,,,,
456,1/4/17 18:55,,0,,,,,,
457,1/4/17 19:00,,0,,,,,,
458,1/4/17 19:05,,0,,,,,,
459,1/4/17 19:10,,0,,,,,,
460,1/4/17 19:15,,0,,,,,,
461,1/4/17 19:20,,0,,,,,,
462,1/4/17 19:25,,0,,,,,,
463,1/4/17 19:30,,0,,,,,,
464,1/4/17 19:35,,0,,,,,,
465,1/4/17 19:40,,0,,,,,,
466,1/4/17 19:45,,1,4.92E+01,,,,,
467,1/4/17 19:50,,0,,,,,,
468,1/4/17 19:55,,0,,,,,,
469,1/4/17 20:00,,0,,,,,,
470,1/4/17 20:05,,1,4.25E+00,,,,,
471,1/4/17 20:10,,0,,,,,,
472,1/4/17 20:15,,0,,,,,,
473,1/4/17 20:20,,0,,,,,,
474,1/4/17 20:25,,0,,,,,,
475,1/4/17 20:30,,0,,,,,,
476,1/4/17 20:35,,0,,,,,,
477,1/4/17 20:40,,0,,,,,,
478,1/4/17 20:45,,0,,,,,,
479,1/4/17 20:50,,0,,,,,,
480,1/4/17 20:55,,0,,,,,,
481,1/4/17 21:00,,0,,,,,,
482,1/4/17 21:05,,0,,,,,,
483,1/4/17 21:10,,0,,,,,,
484,1/4/17 21:15,,0,,,,,,
485,1/4/17 21:20,,0,,,,,,
486,1/4/17 21:25,,0,,,,,,
487,1/4/17 21:30,,0,,,,,,
488,1/4/17 21:35,,0,,,,,,
489,1/4/17 21:40,,0,,,,,,
490,1/4/17 21:45,,0,,,,,,
491,1/4/17 21:50,,0,,,,,,
492,1/4/17 21:55,,0,,,,,,
493,1/4/17 22:00,,0,,,,,,
494,1/4/17 22:05,,0,,,,,,
495,1/4/17 22:10,,0,,,,,,
496,1/4/17 22:15,,0,,,,,,
497,1/4/17 22:20,,0,,,,,,
498,1/4/17 22:25,,0,,,,,,
499,1/4/17 22:30,,0,,,,,,
500,1/4/17 22:35,,0,,,,,,
501,1/4/17 22:40,,0,,,,,,
502,1/4/17 22:45,,0,,,,,,
503,1/4/17 22:50,,0,,,,,,
504,1/4/17 22:55,,0,,,,,,
505,1/4/17 23:00,,0,,,,,,
506,1/4/17 23:05,,0,,,,,,
507,1/4/17 23:10,,0,,,,,,
508,1/4/17 23:15,,0,,,,,,
509,1/4/17 23:20,,0,,,,,,
510,1/4/17 23:25,,0,,,,,,
511,1/4/17 23:30,,0,,,,,,
512,1/4/17 23:35,,0,,,,,,
513,1/4/17 23:40,,0,,,,,,
514,1/4/17 23:45,,0,,,,,,
515,1/4/17 23:50,,0,,,,,,
516,1/4/17 23:55,,0,,,,,,
517,1/5/17 0:00,,0,,,,,,
518,1/5/17 0:05,,0,,,,,,
519,1/5/17 0:10,,0,,,,,,
520,1/5/17 0:15,,0,,,,,,
521,1/5/17 0:20,,0,,,,,,
522,1/5/17 0:25,,0,,,,,,
523,1/5/17 0:30,,0,,,,,,
524,1/5/17 0:35,,0,,,,,,
525,1/5/17 0:40,,0,,,,,,
526,1/5/17 0:45,,0,,,,,,
527,1/5/17 0:50,,0,,,,,,
528,1/5/17 0:55,,0,,,,,,
529,1/5/17 1:00,,0,,,,,,
530,1/5/17 1:05,,0,,,,,,
531,1/5/17 1:10,,0,,,,,,
532,1/5/17 1:15,,0,,,,,,
533,1/5/17 1:20,,0,,,,,,
534,1/5/17 1:25,,0,,,,,,
535,1/5/17 1:30,,0,,,,,,
536,1/5/17 1:35,,0,,,,,,
537,1/5/17 1:40,,0,,,,,,
538,1/5/17 1:45,,0,,,,,,
539,1/5/17 1:50,,0,,,,,,
540,1/5/17 1:55,,0,,,,,,
541,1/5/17 2:00,,0,,,,,,
542,1/5/17 2:05,,0,,,,,,
543,1/5/17 2:10,,0,,,,,,
544,1/5/17 2:15,,0,,,,,,
545,1/5/17 2:20,,0,,,,,,
546,1/5/17 2:25,,0,,,,,,
547,1/5/17 2:30,,0,,,,,,
548,1/5/17 2:35,,0,,,,,,
549,1/5/17 2:40,,0,,,,,,
550,1/5/17 2:45,,0,,,,,,
551,1/5/17 2:50,,0,,,,,,
552,1/5/17 2:55,,0,,,,,,
553,1/5/17 3:00,,0,,,,,,
554,1/5/17 3:05,,0,,,,,,
555,1/5/17 3:10,,0,,,,,,
556,1/5/17 3:15,,0,,,,,,
557,1/5/17 3:20,,0,,,,,,
558,1/5/17 3:25,,0,,,,,,
559,1/5/17 3:30,,0,,,,,,
560,1/5/17 3:35,,0,,,,,,
561,1/5/17 3:40,,0,,,,,,
562,1/5/17 3:45,,0,,,,,,
563,1/5/17 3:50,,0,,,,,,
564,1/5/17 3:55,,0,,,,,,
565,1/5/17 4:00,,0,,,,,,
566,1/5/17 4:05,,0,,,,,,
567,1/5/17 4:10,,0,,,,,,
568,1/5/17 4:15,,0,,,,,,
569,1/5/17 4:20,,0,,,,,,
570,1/5/17 4:25,,0,,,,,,
571,1/5/17 4:30,,0,,,,,,
572,1/5/17 4:35,,0,,,,,,
573,1/5/17 4:40,,0,,,,,,
574,1/5/17 4:45,,0,,,,,,
575,1/5/17 4:50,,0,,,,,,
576,1/5/17 4:55,,0,,,,,,
577,1/5/17 5:00,,0,,,,,,
578,1/5/17 5:05,,0,,,,,,
579,1/5/17 5:10,,0,,,,,,
580,1/5/17 5:15,,0,,,,,,
581,1/5/17 5:20,,0,,,,,,
582,1/5/17 5:25,,0,,,,,,
583,1/5/17 5:30,,0,,,,,,
584,1/5/17 5:35,,0,,,,,,
585,1/5/17 5:40,,0,,,,,,
586,1/5/17 5:45,,0,,,,,,
587,1/5/17 5:50,,0,,,,,,
588,1/5/17 5:55,,0,,,,,,
589,1/5/17 6:00,,0,,,,,,
590,1/5/17 6:05,,0,,,,,,
591,1/5/17 6:10,,0,,,,,,
592,1/5/17 6:15,,0,,,,,,
593,1/5/17 6:20,,0,,,,,,
594,1/5/17 6:25,,0,,,,,,
595,1/5/17 6:30,,0,,,,,,
596,1/5/17 6:35,,0,,,,,,
597,1/5/17 6:40,,0,,,,,,
598,1/5/17 6:45,,0,,,,,,
599,1/5/17 6:50,,0,,,,,,
600,1/5/17 6:55,,0,,,,,,
601,1/5/17 7:00,,0,,,,,,
602,1/5/17 7:05,,0,,,,,,
603,1/5/17 7:10,,0,,,,,,
604,1/5/17 7:15,,0,,,,,,
605,1/5/17 7:20,,0,,,,,,
606,1/5/17 7:25,,0,,,,,,
607,1/5/17 7:30,,0,,,,,,
608,1/5/17 7:35,,0,,,,,,
609,1/5/17 7:40,,0,,,,,,
610,1/5/17 7:45,,0,,,,,,
611,1/5/17 7:50,,0,,,,,,
612,1/5/17 7:55,,0,,,,,,
613,1/5/17 8:00,,0,,,,,,
614,1/5/17 8:05,,0,,,,,,
615,1/5/17 8:10,,0,,,,,,
616,1/5/17 8:15,,0,,,,,,
617,1/5/17 8:20,,0,,,,,,
618,1/5/17 8:25,,0,,,,,,
619,1/5/17 8:30,,0,,,,,,
620,1/5/17 8:35,,0,,,,,,
621,1/5/17 8:40,,0,,,,,,
622,1/5/17 8:45,,0,,,,,,
623,1/5/17 8:50,,0,,,,,,
624,1/5/17 8:55,,1,4.64E+01,,,,,
625,1/5/17 9:00,,0,,,,,,
626,1/5/17 9:05,,1,3.87E+01,,,,,
627,1/5/17 9:10,,0,,,,,,
628,1/5/17 9:15,,1,1.58E+01,,,,,
629,1/5/17 9:20,,0,,,,,,
630,1/5/17 9:25,,1,3.17E+01,,,,,
631,1/5/17 9:30,,0,,,,,,
632,1/5/17 9:35,,2,1.58E+01,3.31E+01,,,,
633,1/5/17 9:40,,0,,,,,,
634,1/5/17 9:45,,0,,,,,,
635,1/5/17 9:50,,0,,,,,,
636,1/5/17 9:55,,0,,,,,,
637,1/5/17 10:00,,0,,,,,,
638,1/5/17 10:05,,0,,,,,,
639,1/5/17 10:10,,0,,,,,,
640,1/5/17 10:15,,0,,,,,,
641,1/5/17 10:20,,0,,,,,,
642,1/5/17 10:25,,0,,,,,,
643,1/5/17 10:30,,0,,,,,,
644,1/5/17 10:35,,0,,,,,,
645,1/5/17 10:40,,0,,,,,,
646,1/5/17 10:45,,0,,,,,,
647,1/5/17 10:50,,0,,,,,,
648,1/5/17 10:55,,0,,,,,,
649,1/5/17 11:00,,0,,,,,,
650,1/5/17 11:05,,0,,,,,,
651,1/5/17 11:10,,0,,,,,,
652,1/5/17 11:15,,0,,,,,,
653,1/5/17 11:20,,0,,,,,,
654,1/5/17 11:25,,0,,,,,,
655,1/5/17 11:30,,0,,,,,,
656,1/5/17 11:35,,0,,,,,,
657,1/5/17 11:40,,0,,,,,,
658,1/5/17 11:45,,0,,,,,,
659,1/5/17 11:50,,0,,,,,,
660,1/5/17 11:55,,0,,,,,,
661,1/5/17 12:00,,0,,,,,,
662,1/5/17 12:05,,0,,,,,,
663,1/5/17 12:10,,0,,,,,,
664,1/5/17 12:15,,0,,,,,,
665,1/5/17 12:20,,0,,,,,,
666,1/5/17 12:25,,0,,,,,,
667,1/5/17 12:30,,0,,,,,,
668,1/5/17 12:35,,0,,,,,,
669,1/5/17 12:40,,0,,,,,,
670,1/5/17 12:45,,0,,,,,,
671,1/5/17 12:50,,0,,,,,,
672,1/5/17 12:55,,0,,,,,,
673,1/5/17 13:00,,0,,,,,,
674,1/5/17 13:05,,0,,,,,,
675,1/5/17 13:10,,0,,,,,,
676,1/5/17 13:15,,0,,,,,,
677,1/5/17 13:20,,0,,,,,,
678,1/5/17 13:25,,0,,,,,,
679,1/5/17 13:30,,0,,,,,,
680,1/5/17 13:35,,0,,,,,,
681,1/5/17 13:40,,0,,,,,,
682,1/5/17 13:45,,0,,,,,,
683,1/5/17 13:50,,0,,,,,,
684,1/5/17 13:55,,0,,,,,,
685,1/5/17 14:00,,0,,,,,,
686,1/5/17 14:05,,0,,,,,,
687,1/5/17 14:10,,0,,,,,,
688,1/5/17 14:15,,0,,,,,,
689,1/5/17 14:20,,0,,,,,,
690,1/5/17 14:25,,0,,,,,,
691,1/5/17 14:30,,0,,,,,,
692,1/5/17 14:35,,0,,,,,,
693,1/5/17 14:40,,0,,,,,,
694,1/5/17 14:45,,0,,,,,,
695,1/5/17 14:50,,0,,,,,,
696,1/5/17 14:55,,0,,,,,,
697,1/5/17 15:00,,0,,,,,,
698,1/5/17 15:05,,0,,,,,,
699,1/5/17 15:10,,0,,,,,,
700,1/5/17 15:15,,0,,,,,,
701,1/5/17 15:20,,0,,,,,,
702,1/5/17 15:25,,0,,,,,,
703,1/5/17 15:30,,0,,,,,,
704,1/5/17 15:35,,0,,,,,,
705,1/5/17 15:40,,0,,,,,,
706,1/5/17 15:45,,0,,,,,,
707,1/5/17 15:50,,0,,,,,,
708,1/5/17 15:55,,0,,,,,,
709,1/5/17 16:00,,0,,,,,,
710,1/5/17 16:05,,0,,,,,,
711,1/5/17 16:10,,0,,,,,,
712,1/5/17 16:15,,0,,,,,,
713,1/5/17 16:20,,0,,,,,,
714,1/5/17 16:25,,0,,,,,,
715,1/5/17 16:30,,0,,,,,,
716,1/5/17 16:35,,0,,,,,,
717,1/5/17 16:40,,0,,,,,,
718,1/5/17 16:45,,0,,,,,,
719,1/5/17 16:50,,0,,,,,,
720,1/5/17 16:55,,0,,,,,,
721,1/5/17 17:00,,0,,,,,,
722,1/5/17 17:05,,0,,,,,,
723,1/5/17 17:10,,0,,,,,,
724,1/5/17 17:15,,0,,,,,,
725,1/5/17 17:20,,0,,,,,,
726,1/5/17 17:25,,0,,,,,,
727,1/5/17 17:30,,0,,,,,,
728,1/5/17 17:35,,0,,,,,,
729,1/5/17 17:40,,0,,,,,,
730,1/5/17 17:45,,0,,,,,,
731,1/5/17 17:50,,0,,,,,,
732,1/5/17 17:55,,0,,,,,,
733,1/5/17 18:00,,0,,,,,,
734,1/5/17 18:05,,0,,,,,,
735,1/5/17 18:10,,0,,,,,,
736,1/5/17 18:15,,0,,,,,,
737,1/5/17 18:20,,0,,,,,,
738,1/5/17 18:25,,0,,,,,,
739,1/5/17 18:30,,0,,,,,,
740,1/5/17 18:35,,0,,,,,,
741,1/5/17 18:40,,0,,,,,,
742,1/5/17 18:45,,0,,,,,,
743,1/5/17 18:50,,0,,,,,,
744,1/5/17 18:55,,0,,,,,,
745,1/5/17 19:00,,0,,,,,,
746,1/5/17 19:05,,0,,,,,,
747,1/5/17 19:10,,0,,,,,,
748,1/5/17 19:15,,0,,,,,,
749,1/5/17 19:20,,0,,,,,,
750,1/5/17 19:25,,0,,,,,,
751,1/5/17 19:30,,0,,,,,,
752,1/5/17 19:35,,0,,,,,,
753,1/5/17 19:40,,0,,,,,,
754,1/5/17 19:45,,0,,,,,,
755,1/5/17 19:50,,0,,,,,,
756,1/5/17 19:55,,0,,,,,,
757,1/5/17 20:00,,0,,,,,,
758,1/5/17 20:05,,0,,,,,,
759,1/5/17 20:10,,0,,,,,,
760,1/5/17 20:15,,0,,,,,,
761,1/5/17 20:20,,0,,,,,,
762,1/5/17 20:25,,0,,,,,,
763,1/5/17 20:30,,0,,,,,,
764,1/5/17 20:35,,0,,,,,,
765,1/5/17 20:40,,0,,,,,,
766,1/5/17 20:45,,0,,,,,,
767,1/5/17 20:50,,0,,,,,,
768,1/5/17 20:55,,0,,,,,,
769,1/5/17 21:00,,0,,,,,,
770,1/5/17 21:05,,0,,,,,,
771,1/5/17 21:10,,0,,,,,,
772,1/5/17 21:15,,0,,,,,,
773,1/5/17 21:20,,1,5.65E+01,,,,,
774,1/5/17 21:25,,2,3.08E+01,5.40E+01,,,,
775,1/5/17 21:30,,1,6.66E+00,,,,,
776,1/5/17 21:35,,0,,,,,,
777,1/5/17 21:40,,1,3.04E+01,,,,,
778,1/5/17 21:45,,0,,,,,,
779,1/5/17 21:50,,2,4.94E+01,5.29E+01,,,,
780,1/5/17 21:55,,0,,,,,,
781,1/5/17 22:00,,2,2.69E+01,6.01E+01,,,,
782,1/5/17 22:05,,0,,,,,,
783,1/5/17 22:10,,2,9.41E+00,3.56E+01,,,,
784,1/5/17 22:15,,0,,,,,,
785,1/5/17 22:20,,2,4.67E+01,5.33E+01,,,,
786,1/5/17 22:25,,0,,,,,,
787,1/5/17 22:30,,1,2.69E+01,,,,,
788,1/5/17 22:35,,2,2.10E+01,3.64E+01,,,,
789,1/5/17 22:40,,1,2.33E+01,,,,,
790,1/5/17 22:45,,1,4.25E+01,,,,,
791,1/5/17 22:50,,1,3.68E+01,,,,,
792,1/5/17 22:55,,1,2.68E+01,,,,,
793,1/5/17 23:00,,0,,,,,,
794,1/5/17 23:05,,0,,,,,,
795,1/5/17 23:10,,0,,,,,,
796,1/5/17 23:15,,0,,,,,,
797,1/5/17 23:20,,0,,,,,,
798,1/5/17 23:25,,0,,,,,,
799,1/5/17 23:30,,0,,,,,,
800,1/5/17 23:35,,0,,,,,,
801,1/5/17 23:40,,0,,,,,,
802,1/5/17 23:45,,0,,,,,,
803,1/5/17 23:50,,0,,,,,,
804,1/5/17 23:55,,0,,,,,,
805,1/6/17 0:00,,0,,,,,,
806,1/6/17 0:05,,0,,,,,,
807,1/6/17 0:10,,0,,,,,,
808,1/6/17 0:15,,0,,,,,,
809,1/6/17 0:20,,0,,,,,,
810,1/6/17 0:25,,0,,,,,,
811,1/6/17 0:30,,0,,,,,,
812,1/6/17 0:35,,0,,,,,,
813,1/6/17 0:40,,0,,,,,,
814,1/6/17 0:45,,0,,,,,,
815,1/6/17 0:50,,0,,,,,,
816,1/6/17 0:55,,0,,,,,,
817,1/6/17 1:00,,0,,,,,,
818,1/6/17 1:05,,0,,,,,,
819,1/6/17 1:10,,0,,,,,,
820,1/6/17 1:15,,0,,,,,,
821,1/6/17 1:20,,0,,,,,,
822,1/6/17 1:25,,0,,,,,,
823,1/6/17 1:30,,0,,,,,,
824,1/6/17 1:35,,0,,,,,,
825,1/6/17 1:40,,0,,,,,,
826,1/6/17 1:45,,0,,,,,,
827,1/6/17 1:50,,0,,,,,,
828,1/6/17 1:55,,0,,,,,,
829,1/6/17 2:00,,0,,,,,,
830,1/6/17 2:05,,0,,,,,,
831,1/6/17 2:10,,0,,,,,,
832,1/6/17 2:15,,0,,,,,,
833,1/6/17 2:20,,0,,,,,,
834,1/6/17 2:25,,0,,,,,,
835,1/6/17 2:30,,0,,,,,,
836,1/6/17 2:35,,0,,,,,,
837,1/6/17 2:40,,0,,,,,,
838,1/6/17 2:45,,0,,,,,,
839,1/6/17 2:50,,0,,,,,,
840,1/6/17 2:55,,0,,,,,,
841,1/6/17 3:00,,0,,,,,,
842,1/6/17 3:05,,1,4.63E+01,,,,,
843,1/6/17 3:10,,0,,,,,,
844,1/6/17 3:15,,1,1.12E+01,,,,,
845,1/6/17 3:20,,0,,,,,,
846,1/6/17 3:25,,0,,,,,,
847,1/6/17 3:30,,0,,,,,,
848,1/6/17 3:35,,0,,,,,,
849,1/6/17 3:40,,0,,,,,,
850,1/6/17 3:45,,0,,,,,,
851,1/6/17 3:50,,0,,,,,,
852,1/6/17 3:55,,0,,,,,,
853,1/6/17 4:00,,0,,,,,,
854,1/6/17 4:05,,0,,,,,,
855,1/6/17 4:10,,0,,,,,,
856,1/6/17 4:15,,0,,,,,,
857,1/6/17 4:20,,0,,,,,,
858,1/6/17 4:25,,0,,,,,,
859,1/6/17 4:30,,0,,,,,,
860,1/6/17 4:35,,0,,,,,,
861,1/6/17 4:40,,0,,,,,,
862,1/6/17 4:45,,0,,,,,,
863,1/6/17 4:50,,0,,,,,,
864,1/6/17 4:55,,0,,,,,,
865,1/6/17 5:00,,0,,,,,,
866,1/6/17 5:05,,0,,,,,,
867,1/6/17 5:10,,0,,,,,,
868,1/6/17 5:15,,0,,,,,,
869,1/6/17 5:20,,0,,,,,,
870,1/6/17 5:25,,0,,,,,,
871,1/6/17 5:30,,0,,,,,,
872,1/6/17 5:35,,0,,,,,,
873,1/6/17 5:40,,0,,,,,,
874,1/6/17 5:45,,0,,,,,,
875,1/6/17 5:50,,0,,,,,,
876,1/6/17 5:55,,0,,,,,,
877,1/6/17 6:00,,0,,,,,,
878,1/6/17 6:05,,0,,,,,,
879,1/6/17 6:10,,0,,,,,,
880,1/6/17 6:15,,0,,,,,,
881,1/6/17 6:20,,0,,,,,,
882,1/6/17 6:25,,0,,,,,,
883,1/6/17 6:30,,0,,,,,,
884,1/6/17 6:35,,0,,,,,,
885,1/6/17 6:40,,0,,,,,,
886,1/6/17 6:45,,0,,,,,,
887,1/6/17 6:50,,0,,,,,,
888,1/6/17 6:55,,0,,,,,,
889,1/6/17 7:00,,0,,,,,,
890,1/6/17 7:05,,1,4.35E+00,,,,,
891,1/6/17 7:10,,1,8.66E+00,,,,,
892,1/6/17 7:15,,0,,,,,,
893,1/6/17 7:20,,0,,,,,,
894,1/6/17 7:25,,0,,,,,,
895,1/6/17 7:30,,0,,,,,,
896,1/6/17 7:35,,0,,,,,,
897,1/6/17 7:40,,0,,,,,,
898,1/6/17 7:45,,0,,,,,,
899,1/6/17 7:50,,0,,,,,,
900,1/6/17 7:55,,0,,,,,,
901,1/6/17 8:00,,0,,,,,,
902,1/6/17 8:05,,0,,,,,,
903,1/6/17 8:10,,1,3.25E+01,,,,,
904,1/6/17 8:15,,0,,,,,,
905,1/6/17 8:20,,1,4.48E+01,,,,,
906,1/6/17 8:25,,1,4.80E+01,,,,,
907,1/6/17 8:30,,0,,,,,,
908,1/6/17 8:35,,0,,,,,,
909,1/6/17 8:40,,0,,,,,,
910,1/6/17 8:45,,0,,,,,,
911,1/6/17 8:50,,0,,,,,,
912,1/6/17 8:55,,2,4.23E+00,2.82E+01,,,,
913,1/6/17 9:00,,1,5.00E+01,,,,,
914,1/6/17 9:05,,0,,,,,,
915,1/6/17 9:10,,0,,,,,,
916,1/6/17 9:15,,0,,,,,,
917,1/6/17 9:20,,0,,,,,,
918,1/6/17 9:25,,0,,,,,,
919,1/6/17 9:30,,0,,,,,,
920,1/6/17 9:35,,0,,,,,,
921,1/6/17 9:40,,0,,,,,,
922,1/6/17 9:45,,0,,,,,,
923,1/6/17 9:50,,0,,,,,,
924,1/6/17 9:55,,0,,,,,,
925,1/6/17 10:00,,0,,,,,,
926,1/6/17 10:05,,0,,,,,,
927,1/6/17 10:10,,0,,,,,,
928,1/6/17 10:15,,0,,,,,,
929,1/6/17 10:20,,1,4.27E+01,,,,,
930,1/6/17 10:25,,0,,,,,,
931,1/6/17 10:30,,0,,,,,,
932,1/6/17 10:35,,0,,,,,,
933,1/6/17 10:40,,0,,,,,,
934,1/6/17 10:45,,0,,,,,,
935,1/6/17 10:50,,0,,,,,,
936,1/6/17 10:55,,0,,,,,,
937,1/6/17 11:00,,0,,,,,,
938,1/6/17 11:05,,0,,,,,,
939,1/6/17 11:10,,1,5.09E+01,,,,,
940,1/6/17 11:15,,0,,,,,,
941,1/6/17 11:20,,0,,,,,,
942,1/6/17 11:25,,0,,,,,,
943,1/6/17 11:30,,0,,,,,,
944,1/6/17 11:35,,0,,,,,,
945,1/6/17 11:40,,0,,,,,,
946,1/6/17 11:45,,0,,,,,,
947,1/6/17 11:50,,0,,,,,,
948,1/6/17 11:55,,0,,,,,,
949,1/6/17 12:00,,0,,,,,,
950,1/6/17 12:05,,0,,,,,,
951,1/6/17 12:10,,0,,,,,,
952,1/6/17 12:15,,0,,,,,,
953,1/6/17 12:20,,0,,,,,,
954,1/6/17 12:25,,0,,,,,,
955,1/6/17 12:30,,0,,,,,,
956,1/6/17 12:35,,0,,,,,,
957,1/6/17 12:40,,0,,,,,,
958,1/6/17 12:45,,0,,,,,,
959,1/6/17 12:50,,0,,,,,,
960,1/6/17 12:55,,0,,,,,,
961,1/6/17 13:00,,0,,,,,,
962,1/6/17 13:05,,0,,,,,,
963,1/6/17 13:10,,0,,,,,,
964,1/6/17 13:15,,0,,,,,,
965,1/6/17 13:20,,0,,,,,,
966,1/6/17 13:25,,0,,,,,,
967,1/6/17 13:30,,0,,,,,,
968,1/6/17 13:35,,0,,,,,,
969,1/6/17 13:40,,0,,,,,,
970,1/6/17 13:45,,0,,,,,,
971,1/6/17 13:50,,0,,,,,,
972,1/6/17 13:55,,0,,,,,,
973,1/6/17 14:00,,0,,,,,,
974,1/6/17 14:05,,0,,,,,,
975,1/6/17 14:10,,0,,,,,,
976,1/6/17 14:15,,0,,,,,,
977,1/6/17 14:20,,0,,,,,,
978,1/6/17 14:25,,0,,,,,,
979,1/6/17 14:30,,0,,,,,,
980,1/6/17 14:35,,0,,,,,,
981,1/6/17 14:40,,0,,,,,,
982,1/6/17 14:45,,0,,,,,,
983,1/6/17 14:50,,1,5.80E+01,,,,,
984,1/6/17 14:55,,1,5.55E+01,,,,,
985,1/6/17 15:00,,0,,,,,,
986,1/6/17 15:05,,0,,,,,,
987,1/6/17 15:10,,0,,,,,,
988,1/6/17 15:15,,0,,,,,,
989,1/6/17 15:20,,0,,,,,,
990,1/6/17 15:25,,2,6.53E+00,5.96E+01,,,,
991,1/6/17 15:30,,0,,,,,,
992,1/6/17 15:35,,1,2.34E+01,,,,,
993,1/6/17 15:40,,0,,,,,,
994,1/6/17 15:45,,0,,,,,,
995,1/6/17 15:50,,0,,,,,,
996,1/6/17 15:55,,3,2.87E+01,4.89E+01,5.79E+01,,,
997,1/6/17 16:00,,1,5.87E+01,,,,,
998,1/6/17 16:05,,2,4.45E+01,5.96E+01,,,,
999,1/6/17 16:10,,1,5.45E+01,,,,,
1000,1/6/17 16:15,,0,,,,,,
1001,1/6/17 16:20,,1,5.03E+01,,,,,
1002,1/6/17 16:25,,0,,,,,,
1003,1/6/17 16:30,,1,2.18E+01,,,,,
1004,1/6/17 16:35,,0,,,,,,
1005,1/6/17 16:40,,0,,,,,,
1006,1/6/17 16:45,,0,,,,,,
1007,1/6/17 16:50,,0,,,,,,
1008,1/6/17 16:55,,2,2.84E+01,5.72E+01,,,,
1009,1/6/17 17:00,,0,,,,,,
1010,1/6/17 17:05,,1,6.38E+00,,,,,
1011,1/6/17 17:10,,3,1.43E+00,2.90E+01,5.20E+01,,,
1012,1/6/17 17:15,,6,5.08E+00,1.07E+01,3.43E+01,4.60E+01,5.36E+01,5.86E+01
1013,1/6/17 17:20,,2,2.96E+01,4.01E+01,,,,
1014,1/6/17 17:25,,1,2.15E+01,,,,,
1015,1/6/17 17:30,,0,,,,,,
1016,1/6/17 17:35,,0,,,,,,
1017,1/6/17 17:40,,0,,,,,,
1018,1/6/17 17:45,,0,,,,,,
1019,1/6/17 17:50,,1,2.73E+01,,,,,
1020,1/6/17 17:55,,2,3.07E+01,5.03E+01,,,,
1021,1/6/17 18:00,,0,,,,,,
1022,1/6/17 18:05,,0,,,,,,
1023,1/6/17 18:10,,1,2.21E+01,,,,,
1024,1/6/17 18:15,,0,,,,,,
1025,1/6/17 18:20,,1,5.88E+01,,,,,
1026,1/6/17 18:25,,1,1.70E+01,,,,,
1027,1/6/17 18:30,,0,,,,,,
1028,1/6/17 18:35,,0,,,,,,
1029,1/6/17 18:40,,1,4.53E+01,,,,,
1030,1/6/17 18:45,,0,,,,,,
1031,1/6/17 18:50,,0,,,,,,
1032,1/6/17 18:55,,0,,,,,,
1033,1/6/17 19:00,,0,,,,,,
1034,1/6/17 19:05,,0,,,,,,
1035,1/6/17 19:10,,0,,,,,,
1036,1/6/17 19:15,,1,2.75E+01,,,,,
1037,1/6/17 19:20,,0,,,,,,
1038,1/6/17 19:25,,2,4.65E+00,3.92E+01,,,,
1039,1/6/17 19:30,,0,,,,,,
1040,1/6/17 19:35,,1,4.67E+01,,,,,
1041,1/6/17 19:40,,2,3.34E+01,4.26E+01,,,,
1042,1/6/17 19:45,,1,4.52E+01,,,,,
1043,1/6/17 19:50,,1,2.30E+01,,,,,
1044,1/6/17 19:55,,0,,,,,,
1045,1/6/17 20:00,,0,,,,,,
1046,1/6/17 20:05,,1,5.98E+00,,,,,
1047,1/6/17 20:10,,0,,,,,,
1048,1/6/17 20:15,,0,,,,,,
1049,1/6/17 20:20,,0,,,,,,
1050,1/6/17 20:25,,0,,,,,,
1051,1/6/17 20:30,,0,,,,,,
1052,1/6/17 20:35,,0,,,,,,
1053,1/6/17 20:40,,0,,,,,,
1054,1/6/17 20:45,,0,,,,,,
1055,1/6/17 20:50,,0,,,,,,
1056,1/6/17 20:55,,1,2.96E+01,,,,,
1057,1/6/17 21:00,,0,,,,,,
1058,1/6/17 21:05,,0,,,,,,
1059,1/6/17 21:10,,0,,,,,,
1060,1/6/17 21:15,,0,,,,,,
1061,1/6/17 21:20,,0,,,,,,
1062,1/6/17 21:25,,0,,,,,,
1063,1/6/17 21:30,,0,,,,,,
1064,1/6/17 21:35,,0,,,,,,
1065,1/6/17 21:40,,0,,,,,,
1066,1/6/17 21:45,,0,,,,,,
1067,1/6/17 21:50,,0,,,,,,
1068,1/6/17 21:55,,0,,,,,,
1069,1/6/17 22:00,,0,,,,,,
1070,1/6/17 22:05,,0,,,,,,
1071,1/6/17 22:10,,0,,,,,,
1072,1/6/17 22:15,,0,,,,,,
1073,1/6/17 22:20,,0,,,,,,
1074,1/6/17 22:25,,0,,,,,,
1075,1/6/17 22:30,,0,,,,,,
1076,1/6/17 22:35,,0,,,,,,
1077,1/6/17 22:40,,0,,,,,,
1078,1/6/17 22:45,,0,,,,,,
1079,1/6/17 22:50,,0,,,,,,
1080,1/6/17 22:55,,0,,,,,,
1081,1/6/17 23:00,,0,,,,,,
1082,1/6/17 23:05,,0,,,,,,
1083,1/6/17 23:10,,0,,,,,,
1084,1/6/17 23:15,,0,,,,,,
1085,1/6/17 23:20,,0,,,,,,
1086,1/6/17 23:25,,0,,,,,,
1087,1/6/17 23:30,,0,,,,,,
1088,1/6/17 23:35,,0,,,,,,
1089,1/6/17 23:40,,0,,,,,,
1090,1/6/17 23:45,,0,,,,,,
1091,1/6/17 23:50,,0,,,,,,
1092,1/6/17 23:55,,0,,,,,,
1093,1/7/17 0:00,,0,,,,,,
1094,1/7/17 0:05,,0,,,,,,
1095,1/7/17 0:10,,0,,,,,,
1096,1/7/17 0:15,,0,,,,,,
1097,1/7/17 0:20,,0,,,,,,
1098,1/7/17 0:25,,0,,,,,,
1099,1/7/17 0:30,,0,,,,,,
1100,1/7/17 0:35,,0,,,,,,
1101,1/7/17 0:40,,0,,,,,,
1102,1/7/17 0:45,,0,,,,,,
1103,1/7/17 0:50,,0,,,,,,
1104,1/7/17 0:55,,0,,,,,,
1105,1/7/17 1:00,,0,,,,,,
1106,1/7/17 1:05,,0,,,,,,
1107,1/7/17 1:10,,0,,,,,,
1108,1/7/17 1:15,,0,,,,,,
1109,1/7/17 1:20,,0,,,,,,
1110,1/7/17 1:25,,0,,,,,,
1111,1/7/17 1:30,,0,,,,,,
1112,1/7/17 1:35,,0,,,,,,
1113,1/7/17 1:40,,0,,,,,,
1114,1/7/17 1:45,,0,,,,,,
1115,1/7/17 1:50,,0,,,,,,
1116,1/7/17 1:55,,0,,,,,,
1117,1/7/17 2:00,,0,,,,,,
1118,1/7/17 2:05,,0,,,,,,
1119,1/7/17 2:10,,0,,,,,,
1120,1/7/17 2:15,,0,,,,,,
1121,1/7/17 2:20,,0,,,,,,
1122,1/7/17 2:25,,0,,,,,,
1123,1/7/17 2:30,,0,,,,,,
1124,1/7/17 2:35,,0,,,,,,
1125,1/7/17 2:40,,0,,,,,,
1126,1/7/17 2:45,,0,,,,,,
1127,1/7/17 2:50,,0,,,,,,
1128,1/7/17 2:55,,0,,,,,,
1129,1/7/17 3:00,,0,,,,,,
1130,1/7/17 3:05,,0,,,,,,
1131,1/7/17 3:10,,0,,,,,,
1132,1/7/17 3:15,,0,,,,,,
1133,1/7/17 3:20,,0,,,,,,
1134,1/7/17 3:25,,0,,,,,,
1135,1/7/17 3:30,,0,,,,,,
1136,1/7/17 3:35,,0,,,,,,
1137,1/7/17 3:40,,0,,,,,,
1138,1/7/17 3:45,,0,,,,,,
1139,1/7/17 3:50,,0,,,,,,
1140,1/7/17 3:55,,0,,,,,,
1141,1/7/17 4:00,,0,,,,,,
1142,1/7/17 4:05,,0,,,,,,
1143,1/7/17 4:10,,0,,,,,,
1144,1/7/17 4:15,,0,,,,,,
1145,1/7/17 4:20,,0,,,,,,
1146,1/7/17 4:25,,0,,,,,,
1147,1/7/17 4:30,,0,,,,,,
1148,1/7/17 4:35,,0,,,,,,
1149,1/7/17 4:40,,0,,,,,,
1150,1/7/17 4:45,,0,,,,,,
1151,1/7/17 4:50,,0,,,,,,
1152,1/7/17 4:55,,0,,,,,,
1153,1/7/17 5:00,,0,,,,,,
1154,1/7/17 5:05,,0,,,,,,
1155,1/7/17 5:10,,0,,,,,,
1156,1/7/17 5:15,,0,,,,,,
1157,1/7/17 5:20,,1,5.89E+01,,,,,
1158,1/7/17 5:25,,0,,,,,,
1159,1/7/17 5:30,,1,3.24E+01,,,,,
1160,1/7/17 5:35,,0,,,,,,
1161,1/7/17 5:40,,0,,,,,,
1162,1/7/17 5:45,,0,,,,,,
1163,1/7/17 5:50,,0,,,,,,
1164,1/7/17 5:55,,0,,,,,,
1165,1/7/17 6:00,,0,,,,,,
1166,1/7/17 6:05,,0,,,,,,
1167,1/7/17 6:10,,0,,,,,,
1168,1/7/17 6:15,,0,,,,,,
1169,1/7/17 6:20,,0,,,,,,
1170,1/7/17 6:25,,0,,,,,,
1171,1/7/17 6:30,,0,,,,,,
1172,1/7/17 6:35,,0,,,,,,
1173,1/7/17 6:40,,0,,,,,,
1174,1/7/17 6:45,,0,,,,,,
1175,1/7/17 6:50,,0,,,,,,
1176,1/7/17 6:55,,0,,,,,,
1177,1/7/17 7:00,,0,,,,,,
1178,1/7/17 7:05,,0,,,,,,
1179,1/7/17 7:10,,0,,,,,,
1180,1/7/17 7:15,,0,,,,,,
1181,1/7/17 7:20,,0,,,,,,
1182,1/7/17 7:25,,0,,,,,,
1183,1/7/17 7:30,,0,,,,,,
1184,1/7/17 7:35,,0,,,,,,
1185,1/7/17 7:40,,0,,,,,,
1186,1/7/17 7:45,,0,,,,,,
1187,1/7/17 7:50,,0,,,,,,
1188,1/7/17 7:55,,0,,,,,,
1189,1/7/17 8:00,,0,,,,,,
1190,1/7/17 8:05,,0,,,,,,
1191,1/7/17 8:10,,0,,,,,,
1192,1/7/17 8:15,,0,,,,,,
1193,1/7/17 8:20,,0,,,,,,
1194,1/7/17 8:25,,0,,,,,,
1195,1/7/17 8:30,,0,,,,,,
1196,1/7/17 8:35,,0,,,,,,
1197,1/7/17 8:40,,0,,,,,,
1198,1/7/17 8:45,,0,,,,,,
1199,1/7/17 8:50,,0,,,,,,
1200,1/7/17 8:55,,0,,,,,,
1201,1/7/17 9:00,,0,,,,,,
1202,1/7/17 9:05,,0,,,,,,
1203,1/7/17 9:10,,0,,,,,,
1204,1/7/17 9:15,,0,,,,,,
1205,1/7/17 9:20,,0,,,,,,
1206,1/7/17 9:25,,0,,,,,,
1207,1/7/17 9:30,,0,,,,,,
1208,1/7/17 9:35,,0,,,,,,
1209,1/7/17 9:40,,0,,,,,,
1210,1/7/17 9:45,,0,,,,,,
1211,1/7/17 9:50,,0,,,,,,
1212,1/7/17 9:55,,0,,,,,,
1213,1/7/17 10:00,,1,4.94E+01,,,,,
1214,1/7/17 10:05,,0,,,,,,
1215,1/7/17 10:10,,0,,,,,,
1216,1/7/17 10:15,,0,,,,,,
1217,1/7/17 10:20,,0,,,,,,
1218,1/7/17 10:25,,0,,,,,,
1219,1/7/17 10:30,,0,,,,,,
1220,1/7/17 10:35,,0,,,,,,
1221,1/7/17 10:40,,0,,,,,,
1222,1/7/17 10:45,,0,,,,,,
1223,1/7/17 10:50,,0,,,,,,
1224,1/7/17 10:55,,0,,,,,,
1225,1/7/17 11:00,,0,,,,,,
1226,1/7/17 11:05,,0,,,,,,
1227,1/7/17 11:10,,0,,,,,,
1228,1/7/17 11:15,,0,,,,,,
1229,1/7/17 11:20,,0,,,,,,
1230,1/7/17 11:25,,0,,,,,,
1231,1/7/17 11:30,,0,,,,,,
1232,1/7/17 11:35,,0,,,,,,
1233,1/7/17 11:40,,0,,,,,,
1234,1/7/17 11:45,,0,,,,,,
1235,1/7/17 11:50,,0,,,,,,
1236,1/7/17 11:55,,0,,,,,,
1237,1/7/17 12:00,,0,,,,,,
1238,1/7/17 12:05,,0,,,,,,
1239,1/7/17 12:10,,0,,,,,,
1240,1/7/17 12:15,,0,,,,,,
1241,1/7/17 12:20,,0,,,,,,
1242,1/7/17 12:25,,0,,,,,,
1243,1/7/17 12:30,,0,,,,,,
1244,1/7/17 12:35,,0,,,,,,
1245,1/7/17 12:40,,0,,,,,,
1246,1/7/17 12:45,,0,,,,,,
1247,1/7/17 12:50,,0,,,,,,
1248,1/7/17 12:55,,0,,,,,,
1249,1/7/17 13:00,,0,,,,,,
1250,1/7/17 13:05,,0,,,,,,
1251,1/7/17 13:10,,0,,,,,,
1252,1/7/17 13:15,,0,,,,,,
1253,1/7/17 13:20,,0,,,,,,
1254,1/7/17 13:25,,0,,,,,,
1255,1/7/17 13:30,,0,,,,,,
1256,1/7/17 13:35,,0,,,,,,
1257,1/7/17 13:40,,0,,,,,,
1258,1/7/17 13:45,,0,,,,,,
1259,1/7/17 13:50,,0,,,,,,
1260,1/7/17 13:55,,0,,,,,,
1261,1/7/17 14:00,,0,,,,,,
1262,1/7/17 14:05,,0,,,,,,
1263,1/7/17 14:10,,0,,,,,,
1264,1/7/17 14:15,,0,,,,,,
1265,1/7/17 14:20,,0,,,,,,
1266,1/7/17 14:25,,0,,,,,,
1267,1/7/17 14:30,,0,,,,,,
1268,1/7/17 14:35,,0,,,,,,
1269,1/7/17 14:40,,0,,,,,,
1270,1/7/17 14:45,,0,,,,,,
1271,1/7/17 14:50,,0,,,,,,
1272,1/7/17 14:55,,0,,,,,,
1273,1/7/17 15:00,,0,,,,,,
1274,1/7/17 15:05,,0,,,,,,
1275,1/7/17 15:10,,0,,,,,,
1276,1/7/17 15:15,,0,,,,,,
1277,1/7/17 15:20,,0,,,,,,
1278,1/7/17 15:25,,0,,,,,,
1279,1/7/17 15:30,,0,,,,,,
1280,1/7/17 15:35,,0,,,,,,
1281,1/7/17 15:40,,0,,,,,,
1282,1/7/17 15:45,,0,,,,,,
1283,1/7/17 15:50,,0,,,,,,
1284,1/7/17 15:55,,0,,,,,,
1285,1/7/17 16:00,,0,,,,,,
1286,1/7/17 16:05,,0,,,,,,
1287,1/7/17 16:10,,0,,,,,,
1288,1/7/17 16:15,,0,,,,,,
1289,1/7/17 16:20,,0,,,,,,
1290,1/7/17 16:25,,0,,,,,,
1291,1/7/17 16:30,,0,,,,,,
1292,1/7/17 16:35,,0,,,,,,
1293,1/7/17 16:40,,0,,,,,,
1294,1/7/17 16:45,,0,,,,,,
1295,1/7/17 16:50,,0,,,,,,
1296,1/7/17 16:55,,0,,,,,,
1297,1/7/17 17:00,,0,,,,,,
1298,1/7/17 17:05,,0,,,,,,
1299,1/7/17 17:10,,0,,,,,,
1300,1/7/17 17:15,,0,,,,,,
1301,1/7/17 17:20,,0,,,,,,
1302,1/7/17 17:25,,0,,,,,,
1303,1/7/17 17:30,,0,,,,,,
1304,1/7/17 17:35,,0,,,,,,
1305,1/7/17 17:40,,0,,,,,,
1306,1/7/17 17:45,,0,,,,,,
1307,1/7/17 17:50,,0,,,,,,
1308,1/7/17 17:55,,0,,,,,,
1309,1/7/17 18:00,,0,,,,,,
1310,1/7/17 18:05,,0,,,,,,
1311,1/7/17 18:10,,0,,,,,,
1312,1/7/17 18:15,,0,,,,,,
1313,1/7/17 18:20,,0,,,,,,
1314,1/7/17 18:25,,0,,,,,,
1315,1/7/17 18:30,,0,,,,,,
1316,1/7/17 18:35,,0,,,,,,
1317,1/7/17 18:40,,0,,,,,,
1318,1/7/17 18:45,,1,8.46E+00,,,,,
1319,1/7/17 18:50,,0,,,,,,
1320,1/7/17 18:55,,1,3.57E+01,,,,,
1321,1/7/17 19:00,,0,,,,,,
1322,1/7/17 19:05,,0,,,,,,
1323,1/7/17 19:10,,0,,,,,,
1324,1/7/17 19:15,,0,,,,,,
1325,1/7/17 19:20,,0,,,,,,
1326,1/7/17 19:25,,0,,,,,,
1327,1/7/17 19:30,,0,,,,,,
1328,1/7/17 19:35,,0,,,,,,
1329,1/7/17 19:40,,0,,,,,,
1330,1/7/17 19:45,,0,,,,,,
1331,1/7/17 19:50,,0,,,,,,
1332,1/7/17 19:55,,0,,,,,,
1333,1/7/17 20:00,,0,,,,,,
1334,1/7/17 20:05,,0,,,,,,
1335,1/7/17 20:10,,0,,,,,,
1336,1/7/17 20:15,,0,,,,,,
1337,1/7/17 20:20,,0,,,,,,
1338,1/7/17 20:25,,0,,,,,,
1339,1/7/17 20:30,,0,,,,,,
1340,1/7/17 20:35,,0,,,,,,
1341,1/7/17 20:40,,0,,,,,,
1342,1/7/17 20:45,,0,,,,,,
1343,1/7/17 20:50,,0,,,,,,
1344,1/7/17 20:55,,0,,,,,,
1345,1/7/17 21:00,,0,,,,,,
1346,1/7/17 21:05,,0,,,,,,
1347,1/7/17 21:10,,0,,,,,,
1348,1/7/17 21:15,,0,,,,,,
1349,1/7/17 21:20,,0,,,,,,
1350,1/7/17 21:25,,0,,,,,,
1351,1/7/17 21:30,,0,,,,,,
1352,1/7/17 21:35,,0,,,,,,
1353,1/7/17 21:40,,0,,,,,,
1354,1/7/17 21:45,,0,,,,,,
1355,1/7/17 21:50,,0,,,,,,
1356,1/7/17 21:55,,0,,,,,,
1357,1/7/17 22:00,,0,,,,,,
1358,1/7/17 22:05,,0,,,,,,
1359,1/7/17 22:10,,0,,,,,,
1360,1/7/17 22:15,,0,,,,,,
1361,1/7/17 22:20,,0,,,,,,
1362,1/7/17 22:25,,0,,,,,,
1363,1/7/17 22:30,,1,2.30E+01,,,,,
1364,1/7/17 22:35,,0,,,,,,
1365,1/7/17 22:40,,0,,,,,,
1366,1/7/17 22:45,,0,,,,,,
1367,1/7/17 22:50,,0,,,,,,
1368,1/7/17 22:55,,0,,,,,,
1369,1/7/17 23:00,,0,,,,,,
1370,1/7/17 23:05,,0,,,,,,
1371,1/7/17 23:10,,0,,,,,,
1372,1/7/17 23:15,,0,,,,,,
1373,1/7/17 23:20,,0,,,,,,
1374,1/7/17 23:25,,0,,,,,,
1375,1/7/17 23:30,,0,,,,,,
1376,1/7/17 23:35,,0,,,,,,
1377,1/7/17 23:40,,0,,,,,,
1378,1/7/17 23:45,,0,,,,,,
1379,1/7/17 23:50,,0,,,,,,
1380,1/7/17 23:55,,0,,,,,,
1381,1/8/17 0:00,,0,,,,,,
1382,1/8/17 0:05,,0,,,,,,
1383,1/8/17 0:10,,0,,,,,,
1384,1/8/17 0:15,,0,,,,,,
1385,1/8/17 0:20,,0,,,,,,
1386,1/8/17 0:25,,0,,,,,,
1387,1/8/17 0:30,,0,,,,,,
1388,1/8/17 0:35,,0,,,,,,
1389,1/8/17 0:40,,0,,,,,,
1390,1/8/17 0:45,,0,,,,,,
1391,1/8/17 0:50,,0,,,,,,
1392,1/8/17 0:55,,0,,,,,,
1393,1/8/17 1:00,,0,,,,,,
1394,1/8/17 1:05,,0,,,,,,
1395,1/8/17 1:10,,0,,,,,,
1396,1/8/17 1:15,,0,,,,,,
1397,1/8/17 1:20,,0,,,,,,
1398,1/8/17 1:25,,0,,,,,,
1399,1/8/17 1:30,,0,,,,,,
1400,1/8/17 1:35,,0,,,,,,
1401,1/8/17 1:40,,0,,,,,,
1402,1/8/17 1:45,,0,,,,,,
1403,1/8/17 1:50,,0,,,,,,
1404,1/8/17 1:55,,0,,,,,,
1405,1/8/17 2:00,,0,,,,,,
1406,1/8/17 2:05,,0,,,,,,
1407,1/8/17 2:10,,0,,,,,,
1408,1/8/17 2:15,,0,,,,,,
1409,1/8/17 2:20,,0,,,,,,
1410,1/8/17 2:25,,0,,,,,,
1411,1/8/17 2:30,,0,,,,,,
1412,1/8/17 2:35,,0,,,,,,
1413,1/8/17 2:40,,0,,,,,,
1414,1/8/17 2:45,,0,,,,,,
1415,1/8/17 2:50,,0,,,,,,
1416,1/8/17 2:55,,0,,,,,,
1417,1/8/17 3:00,,0,,,,,,
1418,1/8/17 3:05,,0,,,,,,
1419,1/8/17 3:10,,0,,,,,,
1420,1/8/17 3:15,,0,,,,,,
1421,1/8/17 3:20,,0,,,,,,
1422,1/8/17 3:25,,0,,,,,,
1423,1/8/17 3:30,,0,,,,,,
1424,1/8/17 3:35,,1,5.65E+01,,,,,
1425,1/8/17 3:40,,0,,,,,,
1426,1/8/17 3:45,,0,,,,,,
1427,1/8/17 3:50,,0,,,,,,
1428,1/8/17 3:55,,0,,,,,,
1429,1/8/17 4:00,,0,,,,,,
1430,1/8/17 4:05,,0,,,,,,
1431,1/8/17 4:10,,0,,,,,,
1432,1/8/17 4:15,,0,,,,,,
1433,1/8/17 4:20,,0,,,,,,
1434,1/8/17 4:25,,0,,,,,,
1435,1/8/17 4:30,,0,,,,,,
1436,1/8/17 4:35,,0,,,,,,
1437,1/8/17 4:40,,0,,,,,,
1438,1/8/17 4:45,,0,,,,,,
1439,1/8/17 4:50,,0,,,,,,
1440,1/8/17 4:55,,0,,,,,,
1441,1/8/17 5:00,,0,,,,,,
1442,1/8/17 5:05,,0,,,,,,
1443,1/8/17 5:10,,0,,,,,,
1444,1/8/17 5:15,,0,,,,,,
1445,1/8/17 5:20,,0,,,,,,
1446,1/8/17 5:25,,0,,,,,,
1447,1/8/17 5:30,,0,,,,,,
1448,1/8/17 5:35,,0,,,,,,
1449,1/8/17 5:40,,0,,,,,,
1450,1/8/17 5:45,,0,,,,,,
1451,1/8/17 5:50,,0,,,,,,
1452,1/8/17 5:55,,0,,,,,,
1453,1/8/17 6:00,,0,,,,,,
1454,1/8/17 6:05,,0,,,,,,
1455,1/8/17 6:10,,0,,,,,,
1456,1/8/17 6:15,,0,,,,,,
1457,1/8/17 6:20,,0,,,,,,
1458,1/8/17 6:25,,0,,,,,,
1459,1/8/17 6:30,,0,,,,,,
1460,1/8/17 6:35,,0,,,,,,
1461,1/8/17 6:40,,0,,,,,,
1462,1/8/17 6:45,,0,,,,,,
1463,1/8/17 6:50,,0,,,,,,
1464,1/8/17 6:55,,0,,,,,,
1465,1/8/17 7:00,,0,,,,,,
1466,1/8/17 7:05,,0,,,,,,
1467,1/8/17 7:10,,0,,,,,,
1468,1/8/17 7:15,,0,,,,,,
1469,1/8/17 7:20,,0,,,,,,
1470,1/8/17 7:25,,0,,,,,,
1471,1/8/17 7:30,,0,,,,,,
1472,1/8/17 7:35,,0,,,,,,
1473,1/8/17 7:40,,0,,,,,,
1474,1/8/17 7:45,,0,,,,,,
1475,1/8/17 7:50,,0,,,,,,
1476,1/8/17 7:55,,0,,,,,,
1477,1/8/17 8:00,,0,,,,,,
1478,1/8/17 8:05,,0,,,,,,
1479,1/8/17 8:10,,0,,,,,,
1480,1/8/17 8:15,,0,,,,,,
1481,1/8/17 8:20,,0,,,,,,
1482,1/8/17 8:25,,0,,,,,,
1483,1/8/17 8:30,,0,,,,,,
1484,1/8/17 8:35,,0,,,,,,
1485,1/8/17 8:40,,0,,,,,,
1486,1/8/17 8:45,,0,,,,,,
1487,1/8/17 8:50,,0,,,,,,
1488,1/8/17 8:55,,0,,,,,,
1489,1/8/17 9:00,,0,,,,,,
1490,1/8/17 9:05,,0,,,,,,
1491,1/8/17 9:10,,0,,,,,,
1492,1/8/17 9:15,,0,,,,,,
1493,1/8/17 9:20,,0,,,,,,
1494,1/8/17 9:25,,0,,,,,,
1495,1/8/17 9:30,,0,,,,,,
1496,1/8/17 9:35,,0,,,,,,
1497,1/8/17 9:40,,0,,,,,,
1498,1/8/17 9:45,,0,,,,,,
1499,1/8/17 9:50,,0,,,,,,
1500,1/8/17 9:55,,0,,,,,,
1501,1/8/17 10:00,,0,,,,,,
1502,1/8/17 10:05,,0,,,,,,
1503,1/8/17 10:10,,0,,,,,,
1504,1/8/17 10:15,,0,,,,,,
1505,1/8/17 10:20,,0,,,,,,
1506,1/8/17 10:25,,1,5.96E+01,,,,,
1507,1/8/17 10:30,,0,,,,,,
1508,1/8/17 10:35,,1,1.82E+01,,,,,
1509,1/8/17 10:40,,0,,,,,,
1510,1/8/17 10:45,,0,,,,,,
1511,1/8/17 10:50,,0,,,,,,
1512,1/8/17 10:55,,0,,,,,,
1513,1/8/17 11:00,,0,,,,,,
1514,1/8/17 11:05,,0,,,,,,
1515,1/8/17 11:10,,0,,,,,,
1516,1/8/17 11:15,,1,4.90E+01,,,,,
1517,1/8/17 11:20,,0,,,,,,
1518,1/8/17 11:25,,0,,,,,,
1519,1/8/17 11:30,,0,,,,,,
1520,1/8/17 11:35,,0,,,,,,
1521,1/8/17 11:40,,0,,,,,,
1522,1/8/17 11:45,,0,,,,,,
1523,1/8/17 11:50,,0,,,,,,
1524,1/8/17 11:55,,0,,,,,,
1525,1/8/17 12:00,,0,,,,,,
1526,1/8/17 12:05,,0,,,,,,
1527,1/8/17 12:10,,0,,,,,,
1528,1/8/17 12:15,,0,,,,,,
1529,1/8/17 12:20,,0,,,,,,
1530,1/8/17 12:25,,0,,,,,,
1531,1/8/17 12:30,,0,,,,,,
1532,1/8/17 12:35,,0,,,,,,
1533,1/8/17 12:40,,0,,,,,,
1534,1/8/17 12:45,,0,,,,,,
1535,1/8/17 12:50,,0,,,,,,
1536,1/8/17 12:55,,0,,,,,,
1537,1/8/17 13:00,,0,,,,,,
1538,1/8/17 13:05,,0,,,,,,
1539,1/8/17 13:10,,1,5.10E+01,,,,,
1540,1/8/17 13:15,,0,,,,,,
1541,1/8/17 13:20,,0,,,,,,
1542,1/8/17 13:25,,0,,,,,,
1543,1/8/17 13:30,,0,,,,,,
1544,1/8/17 13:35,,0,,,,,,
1545,1/8/17 13:40,,0,,,,,,
1546,1/8/17 13:45,,0,,,,,,
1547,1/8/17 13:50,,0,,,,,,
1548,1/8/17 13:55,,0,,,,,,
1549,1/8/17 14:00,,0,,,,,,
1550,1/8/17 14:05,,0,,,,,,
1551,1/8/17 14:10,,0,,,,,,
1552,1/8/17 14:15,,0,,,,,,
1553,1/8/17 14:20,,0,,,,,,
1554,1/8/17 14:25,,0,,,,,,
1555,1/8/17 14:30,,0,,,,,,
1556,1/8/17 14:35,,0,,,,,,
1557,1/8/17 14:40,,0,,,,,,
1558,1/8/17 14:45,,0,,,,,,
1559,1/8/17 14:50,,0,,,,,,
1560,1/8/17 14:55,,0,,,,,,
1561,1/8/17 15:00,,0,,,,,,
1562,1/8/17 15:05,,0,,,,,,
1563,1/8/17 15:10,,0,,,,,,
1564,1/8/17 15:15,,0,,,,,,
1565,1/8/17 15:20,,0,,,,,,
1566,1/8/17 15:25,,0,,,,,,
1567,1/8/17 15:30,,0,,,,,,
1568,1/8/17 15:35,,0,,,,,,
1569,1/8/17 15:40,,0,,,,,,
1570,1/8/17 15:45,,0,,,,,,
1571,1/8/17 15:50,,0,,,,,,
1572,1/8/17 15:55,,0,,,,,,
1573,1/8/17 16:00,,0,,,,,,
1574,1/8/17 16:05,,0,,,,,,
1575,1/8/17 16:10,,0,,,,,,
1576,1/8/17 16:15,,0,,,,,,
1577,1/8/17 16:20,,0,,,,,,
1578,1/8/17 16:25,,0,,,,,,
1579,1/8/17 16:30,,0,,,,,,
1580,1/8/17 16:35,,0,,,,,,
1581,1/8/17 16:40,,0,,,,,,
1582,1/8/17 16:45,,0,,,,,,
1583,1/8/17 16:50,,0,,,,,,
1584,1/8/17 16:55,,0,,,,,,
1585,1/8/17 17:00,,0,,,,,,
1586,1/8/17 17:05,,0,,,,,,
1587,1/8/17 17:10,,0,,,,,,
1588,1/8/17 17:15,,0,,,,,,
1589,1/8/17 17:20,,0,,,,,,
1590,1/8/17 17:25,,0,,,,,,
1591,1/8/17 17:30,,0,,,,,,
1592,1/8/17 17:35,,0,,,,,,
1593,1/8/17 17:40,,0,,,,,,
1594,1/8/17 17:45,,0,,,,,,
1595,1/8/17 17:50,,0,,,,,,
1596,1/8/17 17:55,,0,,,,,,
1597,1/8/17 18:00,,0,,,,,,
1598,1/8/17 18:05,,0,,,,,,
1599,1/8/17 18:10,,0,,,,,,
1600,1/8/17 18:15,,0,,,,,,
1601,1/8/17 18:20,,0,,,,,,
1602,1/8/17 18:25,,0,,,,,,
1603,1/8/17 18:30,,0,,,,,,
1604,1/8/17 18:35,,0,,,,,,
1605,1/8/17 18:40,,0,,,,,,
1606,1/8/17 18:45,,0,,,,,,
1607,1/8/17 18:50,,0,,,,,,
1608,1/8/17 18:55,,0,,,,,,
1609,1/8/17 19:00,,0,,,,,,
1610,1/8/17 19:05,,0,,,,,,
1611,1/8/17 19:10,,0,,,,,,
1612,1/8/17 19:15,,0,,,,,,
1613,1/8/17 19:20,,0,,,,,,
1614,1/8/17 19:25,,0,,,,,,
1615,1/8/17 19:30,,0,,,,,,
1616,1/8/17 19:35,,0,,,,,,
1617,1/8/17 19:40,,0,,,,,,
1618,1/8/17 19:45,,0,,,,,,
1619,1/8/17 19:50,,0,,,,,,
1620,1/8/17 19:55,,0,,,,,,
1621,1/8/17 20:00,,0,,,,,,
1622,1/8/17 20:05,,0,,,,,,
1623,1/8/17 20:10,,0,,,,,,
1624,1/8/17 20:15,,0,,,,,,
1625,1/8/17 20:20,,0,,,,,,
1626,1/8/17 20:25,,0,,,,,,
1627,1/8/17 20:30,,0,,,,,,
1628,1/8/17 20:35,,0,,,,,,
1629,1/8/17 20:40,,0,,,,,,
1630,1/8/17 20:45,,0,,,,,,
1631,1/8/17 20:50,,0,,,,,,
1632,1/8/17 20:55,,1,4.96E+01,,,,,
1633,1/8/17 21:00,,0,,,,,,
1634,1/8/17 21:05,,0,,,,,,
1635,1/8/17 21:10,,0,,,,,,
1636,1/8/17 21:15,,0,,,,,,
1637,1/8/17 21:20,,0,,,,,,
1638,1/8/17 21:25,,0,,,,,,
1639,1/8/17 21:30,,0,,,,,,
1640,1/8/17 21:35,,0,,,,,,
1641,1/8/17 21:40,,0,,,,,,
1642,1/8/17 21:45,,0,,,,,,
1643,1/8/17 21:50,,0,,,,,,
1644,1/8/17 21:55,,0,,,,,,
1645,1/8/17 22:00,,0,,,,,,
1646,1/8/17 22:05,,0,,,,,,
1647,1/8/17 22:10,,0,,,,,,
1648,1/8/17 22:15,,0,,,,,,
1649,1/8/17 22:20,,0,,,,,,
1650,1/8/17 22:25,,0,,,,,,
1651,1/8/17 22:30,,0,,,,,,
1652,1/8/17 22:35,,0,,,,,,
1653,1/8/17 22:40,,0,,,,,,
1654,1/8/17 22:45,,0,,,,,,
1655,1/8/17 22:50,,1,2.50E+01,,,,,
1656,1/8/17 22:55,,0,,,,,,
1657,1/8/17 23:00,,0,,,,,,
1658,1/8/17 23:05,,0,,,,,,
1659,1/8/17 23:10,,0,,,,,,
1660,1/8/17 23:15,,0,,,,,,
1661,1/8/17 23:20,,0,,,,,,
1662,1/8/17 23:25,,0,,,,,,
1663,1/8/17 23:30,,0,,,,,,
1664,1/8/17 23:35,,0,,,,,,
1665,1/8/17 23:40,,0,,,,,,
1666,1/8/17 23:45,,0,,,,,,
1667,1/8/17 23:50,,0,,,,,,
1668,1/8/17 23:55,,0,,,,,,
1669,1/9/17 0:00,,0,,,,,,
1670,1/9/17 0:05,,0,,,,,,
1671,1/9/17 0:10,,0,,,,,,
1672,1/9/17 0:15,,0,,,,,,
1673,1/9/17 0:20,,0,,,,,,
1674,1/9/17 0:25,,0,,,,,,
1675,1/9/17 0:30,,0,,,,,,
1676,1/9/17 0:35,,0,,,,,,
1677,1/9/17 0:40,,0,,,,,,
1678,1/9/17 0:45,,0,,,,,,
1679,1/9/17 0:50,,0,,,,,,
1680,1/9/17 0:55,,0,,,,,,
1681,1/9/17 1:00,,0,,,,,,
1682,1/9/17 1:05,,0,,,,,,
1683,1/9/17 1:10,,1,3.09E+01,,,,,
1684,1/9/17 1:15,,0,,,,,,
1685,1/9/17 1:20,,0,,,,,,
1686,1/9/17 1:25,,1,7.36E+00,,,,,
1687,1/9/17 1:30,,2,2.74E+01,5.43E+01,,,,
1688,1/9/17 1:35,,0,,,,,,
1689,1/9/17 1:40,,0,,,,,,
1690,1/9/17 1:45,,0,,,,,,
1691,1/9/17 1:50,,0,,,,,,
1692,1/9/17 1:55,,1,4.46E+01,,,,,
1693,1/9/17 2:00,,0,,,,,,
1694,1/9/17 2:05,,1,5.14E+01,,,,,
1695,1/9/17 2:10,,1,3.60E+00,,,,,
1696,1/9/17 2:15,,1,3.44E+01,,,,,
1697,1/9/17 2:20,,0,,,,,,
1698,1/9/17 2:25,,0,,,,,,
1699,1/9/17 2:30,,0,,,,,,
1700,1/9/17 2:35,,0,,,,,,
1701,1/9/17 2:40,,0,,,,,,
1702,1/9/17 2:45,,0,,,,,,
1703,1/9/17 2:50,,0,,,,,,
1704,1/9/17 2:55,,0,,,,,,
1705,1/9/17 3:00,,0,,,,,,
1706,1/9/17 3:05,,0,,,,,,
1707,1/9/17 3:10,,0,,,,,,
1708,1/9/17 3:15,,0,,,,,,
1709,1/9/17 3:20,,3,3.39E+01,5.11E+01,6.01E+01,,,
1710,1/9/17 3:25,,0,,,,,,
1711,1/9/17 3:30,,0,,,,,,
1712,1/9/17 3:35,,0,,,,,,
1713,1/9/17 3:40,,0,,,,,,
1714,1/9/17 3:45,,1,5.76E+01,,,,,
1715,1/9/17 3:50,,0,,,,,,
1716,1/9/17 3:55,,0,,,,,,
1717,1/9/17 4:00,,0,,,,,,
1718,1/9/17 4:05,,0,,,,,,
1719,1/9/17 4:10,,0,,,,,,
1720,1/9/17 4:15,,0,,,,,,
1721,1/9/17 4:20,,0,,,,,,
1722,1/9/17 4:25,,0,,,,,,
1723,1/9/17 4:30,,1,2.06E+01,,,,,
1724,1/9/17 4:35,,0,,,,,,
1725,1/9/17 4:40,,0,,,,,,
1726,1/9/17 4:45,,0,,,,,,
1727,1/9/17 4:50,,0,,,,,,
1728,1/9/17 4:55,,0,,,,,,
1729,1/9/17 5:00,,0,,,,,,
1730,1/9/17 5:05,,0,,,,,,
1731,1/9/17 5:10,,0,,,,,,
1732,1/9/17 5:15,,0,,,,,,
1733,1/9/17 5:20,,0,,,,,,
1734,1/9/17 5:25,,0,,,,,,
1735,1/9/17 5:30,,0,,,,,,
1736,1/9/17 5:35,,0,,,,,,
1737,1/9/17 5:40,,0,,,,,,
1738,1/9/17 5:45,,0,,,,,,
1739,1/9/17 5:50,,0,,,,,,
1740,1/9/17 5:55,,0,,,,,,
1741,1/9/17 6:00,,0,,,,,,
1742,1/9/17 6:05,,0,,,,,,
1743,1/9/17 6:10,,0,,,,,,
1744,1/9/17 6:15,,0,,,,,,
1745,1/9/17 6:20,,0,,,,,,
1746,1/9/17 6:25,,0,,,,,,
1747,1/9/17 6:30,,0,,,,,,
1748,1/9/17 6:35,,0,,,,,,
1749,1/9/17 6:40,,0,,,,,,
1750,1/9/17 6:45,,0,,,,,,
1751,1/9/17 6:50,,0,,,,,,
1752,1/9/17 6:55,,0,,,,,,
1753,1/9/17 7:00,,0,,,,,,
1754,1/9/17 7:05,,0,,,,,,
1755,1/9/17 7:10,,0,,,,,,
1756,1/9/17 7:15,,0,,,,,,
1757,1/9/17 7:20,,0,,,,,,
1758,1/9/17 7:25,,0,,,,,,
1759,1/9/17 7:30,,0,,,,,,
1760,1/9/17 7:35,,0,,,,,,
1761,1/9/17 7:40,,0,,,,,,
1762,1/9/17 7:45,,0,,,,,,
1763,1/9/17 7:50,,0,,,,,,
1764,1/9/17 7:55,,0,,,,,,
1765,1/9/17 8:00,,0,,,,,,
1766,1/9/17 8:05,,0,,,,,,
1767,1/9/17 8:10,,0,,,,,,
1768,1/9/17 8:15,,0,,,,,,
1769,1/9/17 8:20,,0,,,,,,
1770,1/9/17 8:25,,0,,,,,,
1771,1/9/17 8:30,,0,,,,,,
1772,1/9/17 8:35,,0,,,,,,
1773,1/9/17 8:40,,0,,,,,,
1774,1/9/17 8:45,,0,,,,,,
1775,1/9/17 8:50,,0,,,,,,
1776,1/9/17 8:55,,0,,,,,,
1777,1/9/17 9:00,,0,,,,,,
1778,1/9/17 9:05,,0,,,,,,
1779,1/9/17 9:10,,0,,,,,,
1780,1/9/17 9:15,,0,,,,,,
1781,1/9/17 9:20,,0,,,,,,
1782,1/9/17 9:25,,0,,,,,,
1783,1/9/17 9:30,,0,,,,,,
1784,1/9/17 9:35,,0,,,,,,
1785,1/9/17 9:40,,0,,,,,,
1786,1/9/17 9:45,,0,,,,,,
1787,1/9/17 9:50,,0,,,,,,
1788,1/9/17 9:55,,0,,,,,,
1789,1/9/17 10:00,,0,,,,,,
1790,1/9/17 10:05,,0,,,,,,
1791,1/9/17 10:10,,0,,,,,,
1792,1/9/17 10:15,,0,,,,,,
1793,1/9/17 10:20,,0,,,,,,
1794,1/9/17 10:25,,0,,,,,,
1795,1/9/17 10:30,,0,,,,,,
1796,1/9/17 10:35,,0,,,,,,
1797,1/9/17 10:40,,0,,,,,,
1798,1/9/17 10:45,,0,,,,,,
1799,1/9/17 10:50,,0,,,,,,
1800,1/9/17 10:55,,0,,,,,,
1801,1/9/17 11:00,,0,,,,,,
1802,1/9/17 11:05,,0,,,,,,
1803,1/9/17 11:10,,0,,,,,,
1804,1/9/17 11:15,,0,,,,,,
1805,1/9/17 11:20,,0,,,,,,
1806,1/9/17 11:25,,0,,,,,,
1807,1/9/17 11:30,,0,,,,,,
1808,1/9/17 11:35,,0,,,,,,
1809,1/9/17 11:40,,0,,,,,,
1810,1/9/17 11:45,,0,,,,,,
1811,1/9/17 11:50,,0,,,,,,
1812,1/9/17 11:55,,0,,,,,,
1813,1/9/17 12:00,,0,,,,,,
1814,1/9/17 12:05,,0,,,,,,
1815,1/9/17 12:10,,0,,,,,,
1816,1/9/17 12:15,,0,,,,,,
1817,1/9/17 12:20,,0,,,,,,
1818,1/9/17 12:25,,0,,,,,,
1819,1/9/17 12:30,,0,,,,,,
1820,1/9/17 12:35,,0,,,,,,
1821,1/9/17 12:40,,0,,,,,,
1822,1/9/17 12:45,,0,,,,,,
1823,1/9/17 12:50,,0,,,,,,
1824,1/9/17 12:55,,0,,,,,,
1825,1/9/17 13:00,,0,,,,,,
1826,1/9/17 13:05,,0,,,,,,
1827,1/9/17 13:10,,0,,,,,,
1828,1/9/17 13:15,,0,,,,,,
1829,1/9/17 13:20,,0,,,,,,
1830,1/9/17 13:25,,0,,,,,,
1831,1/9/17 13:30,,0,,,,,,
1832,1/9/17 13:35,,0,,,,,,
1833,1/9/17 13:40,,0,,,,,,
1834,1/9/17 13:45,,0,,,,,,
1835,1/9/17 13:50,,0,,,,,,
1836,1/9/17 13:55,,0,,,,,,
1837,1/9/17 14:00,,0,,,,,,
1838,1/9/17 14:05,,0,,,,,,
1839,1/9/17 14:10,,0,,,,,,
1840,1/9/17 14:15,,0,,,,,,
1841,1/9/17 14:20,,0,,,,,,
1842,1/9/17 14:25,,0,,,,,,
1843,1/9/17 14:30,,0,,,,,,
1844,1/9/17 14:35,,0,,,,,,
1845,1/9/17 14:40,,0,,,,,,
1846,1/9/17 14:45,,0,,,,,,
1847,1/9/17 14:50,,0,,,,,,
1848,1/9/17 14:55,,0,,,,,,
1849,1/9/17 15:00,,0,,,,,,
1850,1/9/17 15:05,,0,,,,,,
1851,1/9/17 15:10,,0,,,,,,
1852,1/9/17 15:15,,0,,,,,,
1853,1/9/17 15:20,,0,,,,,,
1854,1/9/17 15:25,,0,,,,,,
1855,1/9/17 15:30,,0,,,,,,
1856,1/9/17 15:35,,0,,,,,,
1857,1/9/17 15:40,,0,,,,,,
1858,1/9/17 15:45,,0,,,,,,
1859,1/9/17 15:50,,0,,,,,,
1860,1/9/17 15:55,,0,,,,,,
1861,1/9/17 16:00,,0,,,,,,
1862,1/9/17 16:05,,0,,,,,,
1863,1/9/17 16:10,,0,,,,,,
1864,1/9/17 16:15,,0,,,,,,
1865,1/9/17 16:20,,0,,,,,,
1866,1/9/17 16:25,,0,,,,,,
1867,1/9/17 16:30,,0,,,,,,
1868,1/9/17 16:35,,0,,,,,,
1869,1/9/17 16:40,,0,,,,,,
1870,1/9/17 16:45,,0,,,,,,
1871,1/9/17 16:50,,0,,,,,,
1872,1/9/17 16:55,,0,,,,,,
1873,1/9/17 17:00,,0,,,,,,
1874,1/9/17 17:05,,0,,,,,,
1875,1/9/17 17:10,,0,,,,,,
1876,1/9/17 17:15,,0,,,,,,
1877,1/9/17 17:20,,0,,,,,,
1878,1/9/17 17:25,,0,,,,,,
1879,1/9/17 17:30,,0,,,,,,
1880,1/9/17 17:35,,0,,,,,,
1881,1/9/17 17:40,,0,,,,,,
1882,1/9/17 17:45,,0,,,,,,
1883,1/9/17 17:50,,0,,,,,,
1884,1/9/17 17:55,,0,,,,,,
1885,1/9/17 18:00,,0,,,,,,
1886,1/9/17 18:05,,0,,,,,,
1887,1/9/17 18:10,,0,,,,,,
1888,1/9/17 18:15,,0,,,,,,
1889,1/9/17 18:20,,0,,,,,,
1890,1/9/17 18:25,,0,,,,,,
1891,1/9/17 18:30,,0,,,,,,
1892,1/9/17 18:35,,0,,,,,,
1893,1/9/17 18:40,,0,,,,,,
1894,1/9/17 18:45,,0,,,,,,
1895,1/9/17 18:50,,0,,,,,,
1896,1/9/17 18:55,,0,,,,,,
1897,1/9/17 19:00,,0,,,,,,
1898,1/9/17 19:05,,0,,,,,,
1899,1/9/17 19:10,,0,,,,,,
1900,1/9/17 19:15,,0,,,,,,
1901,1/9/17 19:20,,0,,,,,,
1902,1/9/17 19:25,,0,,,,,,
1903,1/9/17 19:30,,0,,,,,,
1904,1/9/17 19:35,,0,,,,,,
1905,1/9/17 19:40,,0,,,,,,
1906,1/9/17 19:45,,0,,,,,,
1907,1/9/17 19:50,,1,3.69E+01,,,,,
1908,1/9/17 19:55,,0,,,,,,
1909,1/9/17 20:00,,0,,,,,,
1910,1/9/17 20:05,,0,,,,,,
1911,1/9/17 20:10,,0,,,,,,
1912,1/9/17 20:15,,1,5.77E+01,,,,,
1913,1/9/17 20:20,,0,,,,,,
1914,1/9/17 20:25,,0,,,,,,
1915,1/9/17 20:30,,0,,,,,,
1916,1/9/17 20:35,,0,,,,,,
1917,1/9/17 20:40,,0,,,,,,
1918,1/9/17 20:45,,1,1.77E+01,,,,,
1919,1/9/17 20:50,,0,,,,,,
1920,1/9/17 20:55,,0,,,,,,
1921,1/9/17 21:00,,1,5.73E+01,,,,,
1922,1/9/17 21:05,,0,,,,,,
1923,1/9/17 21:10,,0,,,,,,
1924,1/9/17 21:15,,2,2.52E+01,4.16E+01,,,,
1925,1/9/17 21:20,,4,3.65E+00,2.24E+01,2.98E+01,5.25E+01,,
1926,1/9/17 21:25,,3,6.00E+00,2.46E+01,5.24E+01,,,
1927,1/9/17 21:30,,0,,,,,,
1928,1/9/17 21:35,,2,2.53E+00,4.04E+01,,,,
1929,1/9/17 21:40,,2,3.47E+01,3.65E+01,,,,
1930,1/9/17 21:45,,0,,,,,,
1931,1/9/17 21:50,,0,,,,,,
1932,1/9/17 21:55,,0,,,,,,
1933,1/9/17 22:00,,1,1.49E+01,,,,,
1934,1/9/17 22:05,,2,4.65E+00,5.46E+01,,,,
1935,1/9/17 22:10,,1,4.40E+00,,,,,
1936,1/9/17 22:15,,2,3.50E+00,3.40E+01,,,,
1937,1/9/17 22:20,,0,,,,,,
1938,1/9/17 22:25,,2,1.99E+01,5.14E+01,,,,
1939,1/9/17 22:30,,1,3.79E+01,,,,,
1940,1/9/17 22:35,,1,5.99E+01,,,,,
1941,1/9/17 22:40,,1,2.57E+01,,,,,
1942,1/9/17 22:45,,0,,,,,,
1943,1/9/17 22:50,,0,,,,,,
1944,1/9/17 22:55,,0,,,,,,
1945,1/9/17 23:00,,0,,,,,,
1946,1/9/17 23:05,,0,,,,,,
1947,1/9/17 23:10,,0,,,,,,
1948,1/9/17 23:15,,0,,,,,,
1949,1/9/17 23:20,,0,,,,,,
1950,1/9/17 23:25,,0,,,,,,
1951,1/9/17 23:30,,0,,,,,,
1952,1/9/17 23:35,,0,,,,,,
1953,1/9/17 23:40,,0,,,,,,
1954,1/9/17 23:45,,0,,,,,,
1955,1/9/17 23:50,,0,,,,,,
1956,1/9/17 23:55,,0,,,,,,
1957,1/10/17 0:00,,0,,,,,,
1958,1/10/17 0:05,,0,,,,,,
1959,1/10/17 0:10,,0,,,,,,
1960,1/10/17 0:15,,0,,,,,,
1961,1/10/17 0:20,,0,,,,,,
1962,1/10/17 0:25,,0,,,,,,
1963,1/10/17 0:30,,0,,,,,,
1964,1/10/17 0:35,,0,,,,,,
1965,1/10/17 0:40,,0,,,,,,
1966,1/10/17 0:45,,0,,,,,,
1967,1/10/17 0:50,,0,,,,,,
1968,1/10/17 0:55,,0,,,,,,
1969,1/10/17 1:00,,0,,,,,,
1970,1/10/17 1:05,,0,,,,,,
1971,1/10/17 1:10,,0,,,,,,
1972,1/10/17 1:15,,0,,,,,,
1973,1/10/17 1:20,,0,,,,,,
1974,1/10/17 1:25,,0,,,,,,
1975,1/10/17 1:30,,0,,,,,,
1976,1/10/17 1:35,,0,,,,,,
1977,1/10/17 1:40,,0,,,,,,
1978,1/10/17 1:45,,0,,,,,,
1979,1/10/17 1:50,,0,,,,,,
1980,1/10/17 1:55,,0,,,,,,
1981,1/10/17 2:00,,0,,,,,,
1982,1/10/17 2:05,,0,,,,,,
1983,1/10/17 2:10,,0,,,,,,
1984,1/10/17 2:15,,0,,,,,,
1985,1/10/17 2:20,,0,,,,,,
1986,1/10/17 2:25,,0,,,,,,
1987,1/10/17 2:30,,0,,,,,,
1988,1/10/17 2:35,,0,,,,,,
1989,1/10/17 2:40,,0,,,,,,
1990,1/10/17 2:45,,0,,,,,,
1991,1/10/17 2:50,,0,,,,,,
1992,1/10/17 2:55,,0,,,,,,
1993,1/10/17 3:00,,0,,,,,,
1994,1/10/17 3:05,,0,,,,,,
1995,1/10/17 3:10,,0,,,,,,
1996,1/10/17 3:15,,0,,,,,,
1997,1/10/17 3:20,,0,,,,,,
1998,1/10/17 3:25,,0,,,,,,
1999,1/10/17 3:30,,0,,,,,,
2000,1/10/17 3:35,,0,,,,,,
2001,1/10/17 3:40,,0,,,,,,
2002,1/10/17 3:45,,0,,,,,,
2003,1/10/17 3:50,,0,,,,,,
2004,1/10/17 3:55,,0,,,,,,
2005,1/10/17 4:00,,0,,,,,,
2006,1/10/17 4:05,,0,,,,,,
2007,1/10/17 4:10,,0,,,,,,
2008,1/10/17 4:15,,0,,,,,,
2009,1/10/17 4:20,,0,,,,,,
2010,1/10/17 4:25,,0,,,,,,
2011,1/10/17 4:30,,0,,,,,,
2012,1/10/17 4:35,,0,,,,,,
2013,1/10/17 4:40,,0,,,,,,
2014,1/10/17 4:45,,0,,,,,,
2015,1/10/17 4:50,,0,,,,,,
2016,1/10/17 4:55,,0,,,,,,
2017,1/10/17 5:00,,0,,,,,,
2018,1/10/17 5:05,,0,,,,,,
2019,1/10/17 5:10,,0,,,,,,
2020,1/10/17 5:15,,0,,,,,,
2021,1/10/17 5:20,,0,,,,,,
2022,1/10/17 5:25,,0,,,,,,
2023,1/10/17 5:30,,0,,,,,,
2024,1/10/17 5:35,,0,,,,,,
2025,1/10/17 5:40,,0,,,,,,
2026,1/10/17 5:45,,0,,,,,,
2027,1/10/17 5:50,,0,,,,,,
2028,1/10/17 5:55,,0,,,,,,
2029,1/10/17 6:00,,0,,,,,,
2030,1/10/17 6:05,,0,,,,,,
2031,1/10/17 6:10,,0,,,,,,
2032,1/10/17 6:15,,0,,,,,,
2033,1/10/17 6:20,,0,,,,,,
2034,1/10/17 6:25,,0,,,,,,
2035,1/10/17 6:30,,0,,,,,,
2036,1/10/17 6:35,,0,,,,,,
2037,1/10/17 6:40,,0,,,,,,
2038,1/10/17 6:45,,0,,,,,,
2039,1/10/17 6:50,,0,,,,,,
2040,1/10/17 6:55,,0,,,,,,
2041,1/10/17 7:00,,0,,,,,,
2042,1/10/17 7:05,,0,,,,,,
2043,1/10/17 7:10,,0,,,,,,
2044,1/10/17 7:15,,0,,,,,,
2045,1/10/17 7:20,,0,,,,,,
2046,1/10/17 7:25,,0,,,,,,
2047,1/10/17 7:30,,0,,,,,,
2048,1/10/17 7:35,,0,,,,,,
2049,1/10/17 7:40,,0,,,,,,
2050,1/10/17 7:45,,0,,,,,,
2051,1/10/17 7:50,,0,,,,,,
2052,1/10/17 7:55,,0,,,,,,
2053,1/10/17 8:00,,0,,,,,,
2054,1/10/17 8:05,,0,,,,,,
2055,1/10/17 8:10,,0,,,,,,
2056,1/10/17 8:15,,0,,,,,,
2057,1/10/17 8:20,,0,,,,,,
2058,1/10/17 8:25,,0,,,,,,
2059,1/10/17 8:30,,0,,,,,,
2060,1/10/17 8:35,,0,,,,,,
2061,1/10/17 8:40,,0,,,,,,
2062,1/10/17 8:45,,0,,,,,,
2063,1/10/17 8:50,,0,,,,,,
2064,1/10/17 8:55,,0,,,,,,
2065,1/10/17 9:00,,0,,,,,,
2066,1/10/17 9:05,,0,,,,,,
2067,1/10/17 9:10,,0,,,,,,
2068,1/10/17 9:15,,0,,,,,,
2069,1/10/17 9:20,,0,,,,,,
2070,1/10/17 9:25,,0,,,,,,
2071,1/10/17 9:30,,0,,,,,,
2072,1/10/17 9:35,,0,,,,,,
2073,1/10/17 9:40,,0,,,,,,
2074,1/10/17 9:45,,0,,,,,,
2075,1/10/17 9:50,,0,,,,,,
2076,1/10/17 9:55,,0,,,,,,
2077,1/10/17 10:00,,0,,,,,,
2078,1/10/17 10:05,,0,,,,,,
2079,1/10/17 10:10,,0,,,,,,
2080,1/10/17 10:15,,0,,,,,,
2081,1/10/17 10:20,,0,,,,,,
2082,1/10/17 10:25,,0,,,,,,
2083,1/10/17 10:30,,0,,,,,,
2084,1/10/17 10:35,,0,,,,,,
2085,1/10/17 10:40,,0,,,,,,
2086,1/10/17 10:45,,0,,,,,,
2087,1/10/17 10:50,,0,,,,,,
2088,1/10/17 10:55,,0,,,,,,
2089,1/10/17 11:00,,0,,,,,,
2090,1/10/17 11:05,,0,,,,,,
2091,1/10/17 11:10,,0,,,,,,
2092,1/10/17 11:15,,0,,,,,,
2093,1/10/17 11:20,,0,,,,,,
2094,1/10/17 11:25,,0,,,,,,
2095,1/10/17 11:30,,0,,,,,,
2096,1/10/17 11:35,,0,,,,,,
2097,1/10/17 11:40,,0,,,,,,
2098,1/10/17 11:45,,0,,,,,,
2099,1/10/17 11:50,,0,,,,,,
2100,1/10/17 11:55,,0,,,,,,
2101,1/10/17 12:00,,0,,,,,,
2102,1/10/17 12:05,,0,,,,,,
2103,1/10/17 12:10,,0,,,,,,
2104,1/10/17 12:15,,0,,,,,,
2105,1/10/17 12:20,,0,,,,,,
2106,1/10/17 12:25,,0,,,,,,
2107,1/10/17 12:30,,0,,,,,,
2108,1/10/17 12:35,,0,,,,,,
2109,1/10/17 12:40,,0,,,,,,
2110,1/10/17 12:45,,0,,,,,,
2111,1/10/17 12:50,,0,,,,,,
2112,1/10/17 12:55,,0,,,,,,
2113,1/10/17 13:00,,0,,,,,,
2114,1/10/17 13:05,,0,,,,,,
2115,1/10/17 13:10,,0,,,,,,
2116,1/10/17 13:15,,0,,,,,,
2117,1/10/17 13:20,,0,,,,,,
2118,1/10/17 13:25,,0,,,,,,
2119,1/10/17 13:30,,0,,,,,,
2120,1/10/17 13:35,,0,,,,,,
2121,1/10/17 13:40,,0,,,,,,
2122,1/10/17 13:45,,0,,,,,,
2123,1/10/17 13:50,,0,,,,,,
2124,1/10/17 13:55,,0,,,,,,
2125,1/10/17 14:00,,0,,,,,,
2126,1/10/17 14:05,,0,,,,,,
2127,1/10/17 14:10,,0,,,,,,
2128,1/10/17 14:15,,0,,,,,,
2129,1/10/17 14:20,,0,,,,,,
2130,1/10/17 14:25,,0,,,,,,
2131,1/10/17 14:30,,0,,,,,,
2132,1/10/17 14:35,,0,,,,,,
2133,1/10/17 14:40,,0,,,,,,
2134,1/10/17 14:45,,0,,,,,,
2135,1/10/17 14:50,,0,,,,,,
2136,1/10/17 14:55,,0,,,,,,
2137,1/10/17 15:00,,0,,,,,,
2138,1/10/17 15:05,,0,,,,,,
2139,1/10/17 15:10,,0,,,,,,
2140,1/10/17 15:15,,0,,,,,,
2141,1/10/17 15:20,,0,,,,,,
2142,1/10/17 15:25,,0,,,,,,
2143,1/10/17 15:30,,0,,,,,,
2144,1/10/17 15:35,,0,,,,,,
2145,1/10/17 15:40,,0,,,,,,
2146,1/10/17 15:45,,0,,,,,,
2147,1/10/17 15:50,,0,,,,,,
2148,1/10/17 15:55,,0,,,,,,
2149,1/10/17 16:00,,0,,,,,,
2150,1/10/17 16:05,,0,,,,,,
2151,1/10/17 16:10,,0,,,,,,
2152,1/10/17 16:15,,0,,,,,,
2153,1/10/17 16:20,,0,,,,,,
2154,1/10/17 16:25,,0,,,,,,
2155,1/10/17 16:30,,0,,,,,,
2156,1/10/17 16:35,,0,,,,,,
2157,1/10/17 16:40,,0,,,,,,
2158,1/10/17 16:45,,0,,,,,,
2159,1/10/17 16:50,,0,,,,,,
2160,1/10/17 16:55,,0,,,,,,
2161,1/10/17 17:00,,0,,,,,,
2162,1/10/17 17:05,,0,,,,,,
2163,1/10/17 17:10,,0,,,,,,
2164,1/10/17 17:15,,0,,,,,,
2165,1/10/17 17:20,,0,,,,,,
2166,1/10/17 17:25,,0,,,,,,
2167,1/10/17 17:30,,0,,,,,,
2168,1/10/17 17:35,,0,,,,,,
2169,1/10/17 17:40,,0,,,,,,
2170,1/10/17 17:45,,0,,,,,,
2171,1/10/17 17:50,,0,,,,,,
2172,1/10/17 17:55,,0,,,,,,
2173,1/10/17 18:00,,0,,,,,,
2174,1/10/17 18:05,,0,,,,,,
2175,1/10/17 18:10,,0,,,,,,
2176,1/10/17 18:15,,0,,,,,,
2177,1/10/17 18:20,,0,,,,,,
2178,1/10/17 18:25,,0,,,,,,
2179,1/10/17 18:30,,0,,,,,,
2180,1/10/17 18:35,,0,,,,,,
2181,1/10/17 18:40,,0,,,,,,
2182,1/10/17 18:45,,0,,,,,,
2183,1/10/17 18:50,,0,,,,,,
2184,1/10/17 18:55,,0,,,,,,
2185,1/10/17 19:00,,0,,,,,,
2186,1/10/17 19:05,,0,,,,,,
2187,1/10/17 19:10,,0,,,,,,
2188,1/10/17 19:15,,0,,,,,,
2189,1/10/17 19:20,,0,,,,,,
2190,1/10/17 19:25,,0,,,,,,
2191,1/10/17 19:30,,0,,,,,,
2192,1/10/17 19:35,,0,,,,,,
2193,1/10/17 19:40,,0,,,,,,
2194,1/10/17 19:45,,0,,,,,,
2195,1/10/17 19:50,,0,,,,,,
2196,1/10/17 19:55,,1,3.32E+01,,,,,
2197,1/10/17 20:00,,1,1.37E+01,,,,,
2198,1/10/17 20:05,,1,1.11E+01,,,,,
2199,1/10/17 20:10,,3,4.85E+00,3.79E+01,5.99E+01,,,
2200,1/10/17 20:15,,0,,,,,,
2201,1/10/17 20:20,,1,4.79E+01,,,,,
2202,1/10/17 20:25,,2,1.68E+01,4.45E+01,,,,
2203,1/10/17 20:30,,1,7.11E+00,,,,,
2204,1/10/17 20:35,,0,,,,,,
2205,1/10/17 20:40,,0,,,,,,
2206,1/10/17 20:45,,0,,,,,,
2207,1/10/17 20:50,,0,,,,,,
2208,1/10/17 20:55,,1,2.32E+01,,,,,
2209,1/10/17 21:00,,1,5.64E+01,,,,,
2210,1/10/17 21:05,,0,,,,,,
2211,1/10/17 21:10,,1,4.93E+00,,,,,
2212,1/10/17 21:15,,1,2.27E+01,,,,,
2213,1/10/17 21:20,,2,7.63E+00,4.05E+01,,,,
2214,1/10/17 21:25,,2,2.56E+01,4.00E+01,,,,
2215,1/10/17 21:30,,1,3.08E+00,,,,,
2216,1/10/17 21:35,,2,1.82E+01,3.44E+01,,,,
2217,1/10/17 21:40,,2,4.45E+01,5.00E+01,,,,
2218,1/10/17 21:45,,2,2.59E+01,5.34E+01,,,,
2219,1/10/17 21:50,,3,8.01E+00,3.44E+01,4.28E+01,,,
2220,1/10/17 21:55,,5,1.15E+01,2.52E+01,3.09E+01,4.24E+01,5.64E+01,
2221,1/10/17 22:00,,4,5.75E+00,1.49E+01,2.06E+01,4.88E+01,,
2222,1/10/17 22:05,,5,2.90E+01,3.40E+01,3.90E+01,5.03E+01,5.26E+01,
2223,1/10/17 22:10,,3,1.52E+01,1.83E+01,5.51E+01,,,
2224,1/10/17 22:15,,6,2.78E+00,5.28E+00,1.83E+01,2.22E+01,2.60E+01,4.47E+01
2225,1/10/17 22:20,,4,4.60E+00,1.00E+01,3.27E+01,5.83E+01,,
2226,1/10/17 22:25,,0,,,,,,
2227,1/10/17 22:30,,2,2.85E+01,4.79E+01,,,,
2228,1/10/17 22:35,,0,,,,,,
2229,1/10/17 22:40,,2,4.68E+01,5.67E+01,,,,
2230,1/10/17 22:45,,0,,,,,,
2231,1/10/17 22:50,,1,4.88E+00,,,,,
2232,1/10/17 22:55,,0,,,,,,
2233,1/10/17 23:00,,1,4.06E+01,,,,,
2234,1/10/17 23:05,,0,,,,,,
2235,1/10/17 23:10,,0,,,,,,
2236,1/10/17 23:15,,0,,,,,,
2237,1/10/17 23:20,,0,,,,,,
2238,1/10/17 23:25,,0,,,,,,
2239,1/10/17 23:30,,0,,,,,,
2240,1/10/17 23:35,,0,,,,,,
2241,1/10/17 23:40,,0,,,,,,
2242,1/10/17 23:45,,0,,,,,,
2243,1/10/17 23:50,,0,,,,,,
2244,1/10/17 23:55,,0,,,,,,
2245,1/11/17 0:00,,0,,,,,,
2246,1/11/17 0:05,,0,,,,,,
2247,1/11/17 0:10,,0,,,,,,
2248,1/11/17 0:15,,0,,,,,,
2249,1/11/17 0:20,,0,,,,,,
2250,1/11/17 0:25,,0,,,,,,
2251,1/11/17 0:30,,0,,,,,,
2252,1/11/17 0:35,,0,,,,,,
2253,1/11/17 0:40,,0,,,,,,
2254,1/11/17 0:45,,0,,,,,,
2255,1/11/17 0:50,,0,,,,,,
2256,1/11/17 0:55,,0,,,,,,
2257,1/11/17 1:00,,0,,,,,,
2258,1/11/17 1:05,,0,,,,,,
2259,1/11/17 1:10,,0,,,,,,
2260,1/11/17 1:15,,0,,,,,,
2261,1/11/17 1:20,,0,,,,,,
2262,1/11/17 1:25,,0,,,,,,
2263,1/11/17 1:30,,0,,,,,,
2264,1/11/17 1:35,,0,,,,,,
2265,1/11/17 1:40,,0,,,,,,
2266,1/11/17 1:45,,0,,,,,,
2267,1/11/17 1:50,,0,,,,,,
2268,1/11/17 1:55,,0,,,,,,
2269,1/11/17 2:00,,0,,,,,,
2270,1/11/17 2:05,,0,,,,,,
2271,1/11/17 2:10,,0,,,,,,
2272,1/11/17 2:15,,0,,,,,,
2273,1/11/17 2:20,,0,,,,,,
2274,1/11/17 2:25,,0,,,,,,
2275,1/11/17 2:30,,0,,,,,,
2276,1/11/17 2:35,,0,,,,,,
2277,1/11/17 2:40,,0,,,,,,
2278,1/11/17 2:45,,0,,,,,,
2279,1/11/17 2:50,,0,,,,,,
2280,1/11/17 2:55,,0,,,,,,
2281,1/11/17 3:00,,0,,,,,,
2282,1/11/17 3:05,,0,,,,,,
2283,1/11/17 3:10,,0,,,,,,
2284,1/11/17 3:15,,1,2.11E+01,,,,,
2285,1/11/17 3:20,,0,,,,,,
2286,1/11/17 3:25,,0,,,,,,
2287,1/11/17 3:30,,0,,,,,,
2288,1/11/17 3:35,,0,,,,,,
2289,1/11/17 3:40,,0,,,,,,
2290,1/11/17 3:45,,0,,,,,,
2291,1/11/17 3:50,,1,4.31E+01,,,,,
2292,1/11/17 3:55,,0,,,,,,
2293,1/11/17 4:00,,0,,,,,,
2294,1/11/17 4:05,,0,,,,,,
2295,1/11/17 4:10,,0,,,,,,
2296,1/11/17 4:15,,0,,,,,,
2297,1/11/17 4:20,,0,,,,,,
2298,1/11/17 4:25,,0,,,,,,
2299,1/11/17 4:30,,0,,,,,,
2300,1/11/17 4:35,,0,,,,,,
2301,1/11/17 4:40,,0,,,,,,
2302,1/11/17 4:45,,0,,,,,,
2303,1/11/17 4:50,,0,,,,,,
2304,1/11/17 4:55,,0,,,,,,
2305,1/11/17 5:00,,0,,,,,,
2306,1/11/17 5:05,,0,,,,,,
2307,1/11/17 5:10,,0,,,,,,
2308,1/11/17 5:15,,0,,,,,,
2309,1/11/17 5:20,,0,,,,,,
2310,1/11/17 5:25,,1,5.14E+01,,,,,
2311,1/11/17 5:30,,0,,,,,,
2312,1/11/17 5:35,,0,,,,,,
2313,1/11/17 5:40,,0,,,,,,
2314,1/11/17 5:45,,0,,,,,,
2315,1/11/17 5:50,,0,,,,,,
2316,1/11/17 5:55,,0,,,,,,
2317,1/11/17 6:00,,0,,,,,,
2318,1/11/17 6:05,,0,,,,,,
2319,1/11/17 6:10,,0,,,,,,
2320,1/11/17 6:15,,0,,,,,,
2321,1/11/17 6:20,,0,,,,,,
2322,1/11/17 6:25,,0,,,,,,
2323,1/11/17 6:30,,0,,,,,,
2324,1/11/17 6:35,,0,,,,,,
2325,1/11/17 6:40,,0,,,,,,
2326,1/11/17 6:45,,0,,,,,,
2327,1/11/17 6:50,,0,,,,,,
2328,1/11/17 6:55,,0,,,,,,
2329,1/11/17 7:00,,0,,,,,,
2330,1/11/17 7:05,,0,,,,,,
2331,1/11/17 7:10,,0,,,,,,
2332,1/11/17 7:15,,0,,,,,,
2333,1/11/17 7:20,,0,,,,,,
2334,1/11/17 7:25,,0,,,,,,
2335,1/11/17 7:30,,0,,,,,,
2336,1/11/17 7:35,,0,,,,,,
2337,1/11/17 7:40,,0,,,,,,
2338,1/11/17 7:45,,0,,,,,,
2339,1/11/17 7:50,,1,4.44E+01,,,,,
2340,1/11/17 7:55,,0,,,,,,
2341,1/11/17 8:00,,1,5.25E+00,,,,,
2342,1/11/17 8:05,,0,,,,,,
2343,1/11/17 8:10,,0,,,,,,
2344,1/11/17 8:15,,0,,,,,,
2345,1/11/17 8:20,,1,5.71E+01,,,,,
2346,1/11/17 8:25,,0,,,,,,
2347,1/11/17 8:30,,0,,,,,,
2348,1/11/17 8:35,,0,,,,,,
2349,1/11/17 8:40,,0,,,,,,
2350,1/11/17 8:45,,0,,,,,,
2351,1/11/17 8:50,,0,,,,,,
2352,1/11/17 8:55,,0,,,,,,
2353,1/11/17 9:00,,0,,,,,,
2354,1/11/17 9:05,,0,,,,,,
2355,1/11/17 9:10,,0,,,,,,
2356,1/11/17 9:15,,0,,,,,,
2357,1/11/17 9:20,,0,,,,,,
2358,1/11/17 9:25,,0,,,,,,
2359,1/11/17 9:30,,0,,,,,,
2360,1/11/17 9:35,,0,,,,,,
2361,1/11/17 9:40,,0,,,,,,
2362,1/11/17 9:45,,0,,,,,,
2363,1/11/17 9:50,,0,,,,,,
2364,1/11/17 9:55,,0,,,,,,
2365,1/11/17 10:00,,0,,,,,,
2366,1/11/17 10:05,,0,,,,,,
2367,1/11/17 10:10,,0,,,,,,
2368,1/11/17 10:15,,0,,,,,,
2369,1/11/17 10:20,,0,,,,,,
2370,1/11/17 10:25,,0,,,,,,
2371,1/11/17 10:30,,0,,,,,,
2372,1/11/17 10:35,,0,,,,,,
2373,1/11/17 10:40,,0,,,,,,
2374,1/11/17 10:45,,1,2.72E+01,,,,,
2375,1/11/17 10:50,,0,,,,,,
2376,1/11/17 10:55,,0,,,,,,
2377,1/11/17 11:00,,1,5.73E+01,,,,,
2378,1/11/17 11:05,,0,,,,,,
2379,1/11/17 11:10,,0,,,,,,
2380,1/11/17 11:15,,1,4.42E+01,,,,,
2381,1/11/17 11:20,,1,8.26E-01,,,,,
2382,1/11/17 11:25,,0,,,,,,
2383,1/11/17 11:30,,0,,,,,,
2384,1/11/17 11:35,,0,,,,,,
2385,1/11/17 11:40,,0,,,,,,
2386,1/11/17 11:45,,0,,,,,,
2387,1/11/17 11:50,,0,,,,,,
2388,1/11/17 11:55,,0,,,,,,
2389,1/11/17 12:00,,0,,,,,,
2390,1/11/17 12:05,,0,,,,,,
2391,1/11/17 12:10,,0,,,,,,
2392,1/11/17 12:15,,0,,,,,,
2393,1/11/17 12:20,,0,,,,,,
2394,1/11/17 12:25,,0,,,,,,
2395,1/11/17 12:30,,0,,,,,,
2396,1/11/17 12:35,,0,,,,,,
2397,1/11/17 12:40,,0,,,,,,
2398,1/11/17 12:45,,0,,,,,,
2399,1/11/17 12:50,,0,,,,,,
2400,1/11/17 12:55,,0,,,,,,
2401,1/11/17 13:00,,0,,,,,,
2402,1/11/17 13:05,,0,,,,,,
2403,1/11/17 13:10,,0,,,,,,
2404,1/11/17 13:15,,0,,,,,,
2405,1/11/17 13:20,,0,,,,,,
2406,1/11/17 13:25,,0,,,,,,
2407,1/11/17 13:30,,0,,,,,,
2408,1/11/17 13:35,,0,,,,,,
2409,1/11/17 13:40,,0,,,,,,
2410,1/11/17 13:45,,0,,,,,,
2411,1/11/17 13:50,,0,,,,,,
2412,1/11/17 13:55,,0,,,,,,
2413,1/11/17 14:00,,0,,,,,,
2414,1/11/17 14:05,,0,,,,,,
2415,1/11/17 14:10,,0,,,,,,
2416,1/11/17 14:15,,0,,,,,,
2417,1/11/17 14:20,,0,,,,,,
2418,1/11/17 14:25,,0,,,,,,
2419,1/11/17 14:30,,0,,,,,,
2420,1/11/17 14:35,,0,,,,,,
2421,1/11/17 14:40,,0,,,,,,
2422,1/11/17 14:45,,0,,,,,,
2423,1/11/17 14:50,,0,,,,,,
2424,1/11/17 14:55,,0,,,,,,
2425,1/11/17 15:00,,0,,,,,,
2426,1/11/17 15:05,,0,,,,,,
2427,1/11/17 15:10,,0,,,,,,
2428,1/11/17 15:15,,0,,,,,,
2429,1/11/17 15:20,,0,,,,,,
2430,1/11/17 15:25,,1,4.31E+01,,,,,
2431,1/11/17 15:30,,0,,,,,,
2432,1/11/17 15:35,,2,1.05E+00,4.01E+01,,,,
2433,1/11/17 15:40,,1,4.98E+01,,,,,
2434,1/11/17 15:45,,1,2.13E+01,,,,,
2435,1/11/17 15:50,,0,,,,,,
2436,1/11/17 15:55,,0,,,,,,
2437,1/11/17 16:00,,0,,,,,,
2438,1/11/17 16:05,,0,,,,,,
2439,1/11/17 16:10,,0,,,,,,
2440,1/11/17 16:15,,0,,,,,,
2441,1/11/17 16:20,,0,,,,,,
2442,1/11/17 16:25,,0,,,,,,
2443,1/11/17 16:30,,0,,,,,,
2444,1/11/17 16:35,,0,,,,,,
2445,1/11/17 16:40,,0,,,,,,
2446,1/11/17 16:45,,0,,,,,,
2447,1/11/17 16:50,,0,,,,,,
2448,1/11/17 16:55,,0,,,,,,
2449,1/11/17 17:00,,0,,,,,,
2450,1/11/17 17:05,,0,,,,,,
2451,1/11/17 17:10,,0,,,,,,
2452,1/11/17 17:15,,0,,,,,,
2453,1/11/17 17:20,,0,,,,,,
2454,1/11/17 17:25,,0,,,,,,
2455,1/11/17 17:30,,0,,,,,,
2456,1/11/17 17:35,,0,,,,,,
2457,1/11/17 17:40,,0,,,,,,
2458,1/11/17 17:45,,0,,,,,,
2459,1/11/17 17:50,,0,,,,,,
2460,1/11/17 17:55,,0,,,,,,
2461,1/11/17 18:00,,0,,,,,,
2462,1/11/17 18:05,,1,3.57E+01,,,,,
2463,1/11/17 18:10,,1,2.47E+01,,,,,
2464,1/11/17 18:15,,0,,,,,,
2465,1/11/17 18:20,,0,,,,,,
2466,1/11/17 18:25,,1,2.03E+01,,,,,
2467,1/11/17 18:30,,2,4.63E+00,3.91E+01,,,,
2468,1/11/17 18:35,,1,5.28E+01,,,,,
2469,1/11/17 18:40,,0,,,,,,
2470,1/11/17 18:45,,1,7.26E-01,,,,,
2471,1/11/17 18:50,,0,,,,,,
2472,1/11/17 18:55,,0,,,,,,
2473,1/11/17 19:00,,0,,,,,,
2474,1/11/17 19:05,,0,,,,,,
2475,1/11/17 19:10,,0,,,,,,
2476,1/11/17 19:15,,1,5.14E+01,,,,,
2477,1/11/17 19:20,,0,,,,,,
2478,1/11/17 19:25,,0,,,,,,
2479,1/11/17 19:30,,0,,,,,,
2480,1/11/17 19:35,,0,,,,,,
2481,1/11/17 19:40,,0,,,,,,
2482,1/11/17 19:45,,0,,,,,,
2483,1/11/17 19:50,,0,,,,,,
2484,1/11/17 19:55,,0,,,,,,
2485,1/11/17 20:00,,0,,,,,,
2486,1/11/17 20:05,,0,,,,,,
2487,1/11/17 20:10,,0,,,,,,
2488,1/11/17 20:15,,0,,,,,,
2489,1/11/17 20:20,,0,,,,,,
2490,1/11/17 20:25,,1,5.74E+01,,,,,
2491,1/11/17 20:30,,0,,,,,,
2492,1/11/17 20:35,,0,,,,,,
2493,1/11/17 20:40,,0,,,,,,
2494,1/11/17 20:45,,0,,,,,,
2495,1/11/17 20:50,,0,,,,,,
2496,1/11/17 20:55,,0,,,,,,
2497,1/11/17 21:00,,0,,,,,,
2498,1/11/17 21:05,,0,,,,,,
2499,1/11/17 21:10,,0,,,,,,
2500,1/11/17 21:15,,1,5.39E+01,,,,,
2501,1/11/17 21:20,,1,1.24E+01,,,,,
2502,1/11/17 21:25,,0,,,,,,
2503,1/11/17 21:30,,0,,,,,,
2504,1/11/17 21:35,,0,,,,,,
2505,1/11/17 21:40,,1,3.60E+00,,,,,
2506,1/11/17 21:45,,1,9.98E+00,,,,,
2507,1/11/17 21:50,,0,,,,,,
2508,1/11/17 21:55,,0,,,,,,
2509,1/11/17 22:00,,0,,,,,,
2510,1/11/17 22:05,,0,,,,,,
2511,1/11/17 22:10,,1,6.28E+00,,,,,
2512,1/11/17 22:15,,0,,,,,,
2513,1/11/17 22:20,,0,,,,,,
2514,1/11/17 22:25,,0,,,,,,
2515,1/11/17 22:30,,0,,,,,,
2516,1/11/17 22:35,,0,,,,,,
2517,1/11/17 22:40,,1,3.70E+00,,,,,
2518,1/11/17 22:45,,0,,,,,,
2519,1/11/17 22:50,,0,,,,,,
2520,1/11/17 22:55,,0,,,,,,
2521,1/11/17 23:00,,0,,,,,,
2522,1/11/17 23:05,,0,,,,,,
2523,1/11/17 23:10,,0,,,,,,
2524,1/11/17 23:15,,0,,,,,,
2525,1/11/17 23:20,,0,,,,,,
2526,1/11/17 23:25,,0,,,,,,
2527,1/11/17 23:30,,0,,,,,,
2528,1/11/17 23:35,,0,,,,,,
2529,1/11/17 23:40,,0,,,,,,
2530,1/11/17 23:45,,0,,,,,,
2531,1/11/17 23:50,,0,,,,,,
2532,1/11/17 23:55,,0,,,,,,
2533,1/12/17 0:00,,0,,,,,,
2534,1/12/17 0:05,,0,,,,,,
2535,1/12/17 0:10,,0,,,,,,
2536,1/12/17 0:15,,0,,,,,,
2537,1/12/17 0:20,,0,,,,,,
2538,1/12/17 0:25,,0,,,,,,
2539,1/12/17 0:30,,0,,,,,,
2540,1/12/17 0:35,,0,,,,,,
2541,1/12/17 0:40,,0,,,,,,
2542,1/12/17 0:45,,0,,,,,,
2543,1/12/17 0:50,,0,,,,,,
2544,1/12/17 0:55,,0,,,,,,
2545,1/12/17 1:00,,0,,,,,,
2546,1/12/17 1:05,,0,,,,,,
2547,1/12/17 1:10,,0,,,,,,
2548,1/12/17 1:15,,0,,,,,,
2549,1/12/17 1:20,,0,,,,,,
2550,1/12/17 1:25,,0,,,,,,
2551,1/12/17 1:30,,0,,,,,,
2552,1/12/17 1:35,,0,,,,,,
2553,1/12/17 1:40,,0,,,,,,
2554,1/12/17 1:45,,0,,,,,,
2555,1/12/17 1:50,,0,,,,,,
2556,1/12/17 1:55,,0,,,,,,
2557,1/12/17 2:00,,0,,,,,,
2558,1/12/17 2:05,,0,,,,,,
2559,1/12/17 2:10,,0,,,,,,
2560,1/12/17 2:15,,0,,,,,,
2561,1/12/17 2:20,,0,,,,,,
2562,1/12/17 2:25,,0,,,,,,
2563,1/12/17 2:30,,0,,,,,,
2564,1/12/17 2:35,,0,,,,,,
2565,1/12/17 2:40,,0,,,,,,
2566,1/12/17 2:45,,0,,,,,,
2567,1/12/17 2:50,,0,,,,,,
2568,1/12/17 2:55,,0,,,,,,
2569,1/12/17 3:00,,0,,,,,,
2570,1/12/17 3:05,,0,,,,,,
2571,1/12/17 3:10,,0,,,,,,
2572,1/12/17 3:15,,0,,,,,,
2573,1/12/17 3:20,,0,,,,,,
2574,1/12/17 3:25,,0,,,,,,
2575,1/12/17 3:30,,0,,,,,,
2576,1/12/17 3:35,,0,,,,,,
2577,1/12/17 3:40,,0,,,,,,
2578,1/12/17 3:45,,0,,,,,,
2579,1/12/17 3:50,,0,,,,,,
2580,1/12/17 3:55,,0,,,,,,
2581,1/12/17 4:00,,0,,,,,,
2582,1/12/17 4:05,,0,,,,,,
2583,1/12/17 4:10,,0,,,,,,
2584,1/12/17 4:15,,0,,,,,,
2585,1/12/17 4:20,,0,,,,,,
2586,1/12/17 4:25,,0,,,,,,
2587,1/12/17 4:30,,0,,,,,,
2588,1/12/17 4:35,,0,,,,,,
2589,1/12/17 4:40,,0,,,,,,
2590,1/12/17 4:45,,0,,,,,,
2591,1/12/17 4:50,,0,,,,,,
2592,1/12/17 4:55,,0,,,,,,
2593,1/12/17 5:00,,0,,,,,,
2594,1/12/17 5:05,,0,,,,,,
2595,1/12/17 5:10,,0,,,,,,
2596,1/12/17 5:15,,0,,,,,,
2597,1/12/17 5:20,,1,4.15E+01,,,,,
2598,1/12/17 5:25,,0,,,,,,
2599,1/12/17 5:30,,0,,,,,,
2600,1/12/17 5:35,,0,,,,,,
2601,1/12/17 5:40,,2,2.56E+01,4.68E+01,,,,
2602,1/12/17 5:45,,0,,,,,,
2603,1/12/17 5:50,,0,,,,,,
2604,1/12/17 5:55,,0,,,,,,
2605,1/12/17 6:00,,0,,,,,,
2606,1/12/17 6:05,,0,,,,,,
2607,1/12/17 6:10,,0,,,,,,
2608,1/12/17 6:15,,0,,,,,,
2609,1/12/17 6:20,,0,,,,,,
2610,1/12/17 6:25,,0,,,,,,
2611,1/12/17 6:30,,0,,,,,,
2612,1/12/17 6:35,,0,,,,,,
2613,1/12/17 6:40,,0,,,,,,
2614,1/12/17 6:45,,0,,,,,,
2615,1/12/17 6:50,,0,,,,,,
2616,1/12/17 6:55,,0,,,,,,
2617,1/12/17 7:00,,0,,,,,,
2618,1/12/17 7:05,,0,,,,,,
2619,1/12/17 7:10,,0,,,,,,
2620,1/12/17 7:15,,0,,,,,,
2621,1/12/17 7:20,,0,,,,,,
2622,1/12/17 7:25,,0,,,,,,
2623,1/12/17 7:30,,0,,,,,,
2624,1/12/17 7:35,,0,,,,,,
2625,1/12/17 7:40,,0,,,,,,
2626,1/12/17 7:45,,0,,,,,,
2627,1/12/17 7:50,,0,,,,,,
2628,1/12/17 7:55,,0,,,,,,
2629,1/12/17 8:00,,0,,,,,,
2630,1/12/17 8:05,,0,,,,,,
2631,1/12/17 8:10,,0,,,,,,
2632,1/12/17 8:15,,0,,,,,,
2633,1/12/17 8:20,,0,,,,,,
2634,1/12/17 8:25,,1,9.26E-01,,,,,
2635,1/12/17 8:30,,1,3.00E+00,,,,,
2636,1/12/17 8:35,,0,,,,,,
2637,1/12/17 8:40,,0,,,,,,
2638,1/12/17 8:45,,0,,,,,,
2639,1/12/17 8:50,,0,,,,,,
2640,1/12/17 8:55,,0,,,,,,
2641,1/12/17 9:00,,0,,,,,,
2642,1/12/17 9:05,,0,,,,,,
2643,1/12/17 9:10,,0,,,,,,
2644,1/12/17 9:15,,0,,,,,,
2645,1/12/17 9:20,,0,,,,,,
2646,1/12/17 9:25,,0,,,,,,
2647,1/12/17 9:30,,2,4.35E+00,4.66E+01,,,,
2648,1/12/17 9:35,,0,,,,,,
2649,1/12/17 9:40,,0,,,,,,
2650,1/12/17 9:45,,0,,,,,,
2651,1/12/17 9:50,,0,,,,,,
2652,1/12/17 9:55,,0,,,,,,
2653,1/12/17 10:00,,0,,,,,,
2654,1/12/17 10:05,,0,,,,,,
2655,1/12/17 10:10,,0,,,,,,
2656,1/12/17 10:15,,0,,,,,,
2657,1/12/17 10:20,,0,,,,,,
2658,1/12/17 10:25,,0,,,,,,
2659,1/12/17 10:30,,0,,,,,,
2660,1/12/17 10:35,,0,,,,,,
2661,1/12/17 10:40,,0,,,,,,
2662,1/12/17 10:45,,0,,,,,,
2663,1/12/17 10:50,,0,,,,,,
2664,1/12/17 10:55,,0,,,,,,
2665,1/12/17 11:00,,0,,,,,,
2666,1/12/17 11:05,,0,,,,,,
2667,1/12/17 11:10,,1,2.61E+01,,,,,
2668,1/12/17 11:15,,0,,,,,,
2669,1/12/17 11:20,,0,,,,,,
2670,1/12/17 11:25,,0,,,,,,
2671,1/12/17 11:30,,0,,,,,,
2672,1/12/17 11:35,,0,,,,,,
2673,1/12/17 11:40,,0,,,,,,
2674,1/12/17 11:45,,0,,,,,,
2675,1/12/17 11:50,,0,,,,,,
2676,1/12/17 11:55,,0,,,,,,
2677,1/12/17 12:00,,0,,,,,,
2678,1/12/17 12:05,,0,,,,,,
2679,1/12/17 12:10,,0,,,,,,
2680,1/12/17 12:15,,0,,,,,,
2681,1/12/17 12:20,,0,,,,,,
2682,1/12/17 12:25,,0,,,,,,
2683,1/12/17 12:30,,0,,,,,,
2684,1/12/17 12:35,,0,,,,,,
2685,1/12/17 12:40,,0,,,,,,
2686,1/12/17 12:45,,0,,,,,,
2687,1/12/17 12:50,,0,,,,,,
2688,1/12/17 12:55,,0,,,,,,
2689,1/12/17 13:00,,0,,,,,,
2690,1/12/17 13:05,,0,,,,,,
2691,1/12/17 13:10,,0,,,,,,
2692,1/12/17 13:15,,0,,,,,,
2693,1/12/17 13:20,,0,,,,,,
2694,1/12/17 13:25,,0,,,,,,
2695,1/12/17 13:30,,0,,,,,,
2696,1/12/17 13:35,,0,,,,,,
2697,1/12/17 13:40,,0,,,,,,
2698,1/12/17 13:45,,0,,,,,,
2699,1/12/17 13:50,,0,,,,,,
2700,1/12/17 13:55,,0,,,,,,
2701,1/12/17 14:00,,0,,,,,,
2702,1/12/17 14:05,,0,,,,,,
2703,1/12/17 14:10,,0,,,,,,
2704,1/12/17 14:15,,0,,,,,,
2705,1/12/17 14:20,,0,,,,,,
2706,1/12/17 14:25,,0,,,,,,
2707,1/12/17 14:30,,0,,,,,,
2708,1/12/17 14:35,,0,,,,,,
2709,1/12/17 14:40,,0,,,,,,
2710,1/12/17 14:45,,0,,,,,,
2711,1/12/17 14:50,,0,,,,,,
2712,1/12/17 14:55,,0,,,,,,
2713,1/12/17 15:00,,0,,,,,,
2714,1/12/17 15:05,,1,4.46E+01,,,,,
2715,1/12/17 15:10,,0,,,,,,
2716,1/12/17 15:15,,0,,,,,,
2717,1/12/17 15:20,,0,,,,,,
2718,1/12/17 15:25,,0,,,,,,
2719,1/12/17 15:30,,0,,,,,,
2720,1/12/17 15:35,,0,,,,,,
2721,1/12/17 15:40,,0,,,,,,
2722,1/12/17 15:45,,0,,,,,,
2723,1/12/17 15:50,,0,,,,,,
2724,1/12/17 15:55,,0,,,,,,
2725,1/12/17 16:00,,1,3.67E+01,,,,,
2726,1/12/17 16:05,,0,,,,,,
2727,1/12/17 16:10,,0,,,,,,
2728,1/12/17 16:15,,1,2.64E+01,,,,,
2729,1/12/17 16:20,,0,,,,,,
2730,1/12/17 16:25,,0,,,,,,
2731,1/12/17 16:30,,0,,,,,,
2732,1/12/17 16:35,,0,,,,,,
2733,1/12/17 16:40,,0,,,,,,
2734,1/12/17 16:45,,0,,,,,,
2735,1/12/17 16:50,,0,,,,,,
2736,1/12/17 16:55,,0,,,,,,
2737,1/12/17 17:00,,0,,,,,,
2738,1/12/17 17:05,,0,,,,,,
2739,1/12/17 17:10,,0,,,,,,
2740,1/12/17 17:15,,0,,,,,,
2741,1/12/17 17:20,,0,,,,,,
2742,1/12/17 17:25,,0,,,,,,
2743,1/12/17 17:30,,0,,,,,,
2744,1/12/17 17:35,,0,,,,,,
2745,1/12/17 17:40,,0,,,,,,
2746,1/12/17 17:45,,0,,,,,,
2747,1/12/17 17:50,,0,,,,,,
2748,1/12/17 17:55,,0,,,,,,
2749,1/12/17 18:00,,0,,,,,,
2750,1/12/17 18:05,,0,,,,,,
2751,1/12/17 18:10,,0,,,,,,
2752,1/12/17 18:15,,0,,,,,,
2753,1/12/17 18:20,,0,,,,,,
2754,1/12/17 18:25,,0,,,,,,
2755,1/12/17 18:30,,0,,,,,,
2756,1/12/17 18:35,,0,,,,,,
2757,1/12/17 18:40,,0,,,,,,
2758,1/12/17 18:45,,0,,,,,,
2759,1/12/17 18:50,,0,,,,,,
2760,1/12/17 18:55,,0,,,,,,
2761,1/12/17 19:00,,0,,,,,,
2762,1/12/17 19:05,,2,4.93E+00,4.84E+01,,,,
2763,1/12/17 19:10,,0,,,,,,
2764,1/12/17 19:15,,0,,,,,,
2765,1/12/17 19:20,,0,,,,,,
2766,1/12/17 19:25,,0,,,,,,
2767,1/12/17 19:30,,0,,,,,,
2768,1/12/17 19:35,,0,,,,,,
2769,1/12/17 19:40,,0,,,,,,
2770,1/12/17 19:45,,0,,,,,,
2771,1/12/17 19:50,,0,,,,,,
2772,1/12/17 19:55,,0,,,,,,
2773,1/12/17 20:00,,0,,,,,,
2774,1/12/17 20:05,,2,9.31E+00,5.03E+01,,,,
2775,1/12/17 20:10,,1,5.90E+01,,,,,
2776,1/12/17 20:15,,1,2.84E+01,,,,,
2777,1/12/17 20:20,,0,,,,,,
2778,1/12/17 20:25,,0,,,,,,
2779,1/12/17 20:30,,0,,,,,,
2780,1/12/17 20:35,,0,,,,,,
2781,1/12/17 20:40,,0,,,,,,
2782,1/12/17 20:45,,0,,,,,,
2783,1/12/17 20:50,,0,,,,,,
2784,1/12/17 20:55,,0,,,,,,
2785,1/12/17 21:00,,0,,,,,,
2786,1/12/17 21:05,,0,,,,,,
2787,1/12/17 21:10,,0,,,,,,
2788,1/12/17 21:15,,0,,,,,,
2789,1/12/17 21:20,,0,,,,,,
2790,1/12/17 21:25,,0,,,,,,
2791,1/12/17 21:30,,0,,,,,,
2792,1/12/17 21:35,,0,,,,,,
2793,1/12/17 21:40,,0,,,,,,
2794,1/12/17 21:45,,0,,,,,,
2795,1/12/17 21:50,,0,,,,,,
2796,1/12/17 21:55,,0,,,,,,
2797,1/12/17 22:00,,0,,,,,,
2798,1/12/17 22:05,,0,,,,,,
2799,1/12/17 22:10,,0,,,,,,
2800,1/12/17 22:15,,0,,,,,,
2801,1/12/17 22:20,,0,,,,,,
2802,1/12/17 22:25,,0,,,,,,
2803,1/12/17 22:30,,0,,,,,,
2804,1/12/17 22:35,,0,,,,,,
2805,1/12/17 22:40,,0,,,,,,
2806,1/12/17 22:45,,0,,,,,,
2807,1/12/17 22:50,,0,,,,,,
2808,1/12/17 22:55,,0,,,,,,
2809,1/12/17 23:00,,0,,,,,,
2810,1/12/17 23:05,,0,,,,,,
2811,1/12/17 23:10,,0,,,,,,
2812,1/12/17 23:15,,0,,,,,,
2813,1/12/17 23:20,,0,,,,,,
2814,1/12/17 23:25,,0,,,,,,
2815,1/12/17 23:30,,0,,,,,,
2816,1/12/17 23:35,,0,,,,,,
2817,1/12/17 23:40,,0,,,,,,
2818,1/12/17 23:45,,0,,,,,,
2819,1/12/17 23:50,,0,,,,,,
2820,1/12/17 23:55,,0,,,,,,
2821,1/13/17 0:00,,0,,,,,,
2822,1/13/17 0:05,,0,,,,,,
2823,1/13/17 0:10,,0,,,,,,
2824,1/13/17 0:15,,0,,,,,,
2825,1/13/17 0:20,,0,,,,,,
2826,1/13/17 0:25,,0,,,,,,
2827,1/13/17 0:30,,0,,,,,,
2828,1/13/17 0:35,,0,,,,,,
2829,1/13/17 0:40,,0,,,,,,
2830,1/13/17 0:45,,0,,,,,,
2831,1/13/17 0:50,,0,,,,,,
2832,1/13/17 0:55,,0,,,,,,
2833,1/13/17 1:00,,0,,,,,,
2834,1/13/17 1:05,,0,,,,,,
2835,1/13/17 1:10,,0,,,,,,
2836,1/13/17 1:15,,0,,,,,,
2837,1/13/17 1:20,,0,,,,,,
2838,1/13/17 1:25,,0,,,,,,
2839,1/13/17 1:30,,0,,,,,,
2840,1/13/17 1:35,,0,,,,,,
2841,1/13/17 1:40,,0,,,,,,
2842,1/13/17 1:45,,0,,,,,,
2843,1/13/17 1:50,,0,,,,,,
2844,1/13/17 1:55,,0,,,,,,
2845,1/13/17 2:00,,0,,,,,,
2846,1/13/17 2:05,,0,,,,,,
2847,1/13/17 2:10,,0,,,,,,
2848,1/13/17 2:15,,0,,,,,,
2849,1/13/17 2:20,,0,,,,,,
2850,1/13/17 2:25,,0,,,,,,
2851,1/13/17 2:30,,0,,,,,,
2852,1/13/17 2:35,,0,,,,,,
2853,1/13/17 2:40,,0,,,,,,
2854,1/13/17 2:45,,0,,,,,,
2855,1/13/17 2:50,,0,,,,,,
2856,1/13/17 2:55,,0,,,,,,
2857,1/13/17 3:00,,0,,,,,,
2858,1/13/17 3:05,,0,,,,,,
2859,1/13/17 3:10,,0,,,,,,
2860,1/13/17 3:15,,0,,,,,,
2861,1/13/17 3:20,,0,,,,,,
2862,1/13/17 3:25,,0,,,,,,
2863,1/13/17 3:30,,0,,,,,,
2864,1/13/17 3:35,,0,,,,,,
2865,1/13/17 3:40,,0,,,,,,
2866,1/13/17 3:45,,0,,,,,,
2867,1/13/17 3:50,,0,,,,,,
2868,1/13/17 3:55,,0,,,,,,
2869,1/13/17 4:00,,0,,,,,,
2870,1/13/17 4:05,,0,,,,,,
2871,1/13/17 4:10,,0,,,,,,
2872,1/13/17 4:15,,0,,,,,,
2873,1/13/17 4:20,,0,,,,,,
2874,1/13/17 4:25,,1,4.20E+01,,,,,
2875,1/13/17 4:30,,0,,,,,,
2876,1/13/17 4:35,,0,,,,,,
2877,1/13/17 4:40,,0,,,,,,
2878,1/13/17 4:45,,0,,,,,,
2879,1/13/17 4:50,,0,,,,,,
2880,1/13/17 4:55,,0,,,,,,
2881,1/13/17 5:00,,0,,,,,,
2882,1/13/17 5:05,,0,,,,,,
2883,1/13/17 5:10,,0,,,,,,
2884,1/13/17 5:15,,0,,,,,,
2885,1/13/17 5:20,,0,,,,,,
2886,1/13/17 5:25,,0,,,,,,
2887,1/13/17 5:30,,0,,,,,,
2888,1/13/17 5:35,,0,,,,,,
2889,1/13/17 5:40,,0,,,,,,
2890,1/13/17 5:45,,0,,,,,,
2891,1/13/17 5:50,,0,,,,,,
2892,1/13/17 5:55,,0,,,,,,
2893,1/13/17 6:00,,0,,,,,,
2894,1/13/17 6:05,,0,,,,,,
2895,1/13/17 6:10,,0,,,,,,
2896,1/13/17 6:15,,0,,,,,,
2897,1/13/17 6:20,,0,,,,,,
2898,1/13/17 6:25,,0,,,,,,
2899,1/13/17 6:30,,0,,,,,,
2900,1/13/17 6:35,,0,,,,,,
2901,1/13/17 6:40,,0,,,,,,
2902,1/13/17 6:45,,0,,,,,,
2903,1/13/17 6:50,,0,,,,,,
2904,1/13/17 6:55,,0,,,,,,
2905,1/13/17 7:00,,0,,,,,,
2906,1/13/17 7:05,,0,,,,,,
2907,1/13/17 7:10,,0,,,,,,
2908,1/13/17 7:15,,0,,,,,,
2909,1/13/17 7:20,,0,,,,,,
2910,1/13/17 7:25,,0,,,,,,
2911,1/13/17 7:30,,0,,,,,,
2912,1/13/17 7:35,,0,,,,,,
2913,1/13/17 7:40,,0,,,,,,
2914,1/13/17 7:45,,0,,,,,,
2915,1/13/17 7:50,,0,,,,,,
2916,1/13/17 7:55,,0,,,,,,
2917,1/13/17 8:00,,0,,,,,,
2918,1/13/17 8:05,,0,,,,,,
2919,1/13/17 8:10,,0,,,,,,
2920,1/13/17 8:15,,0,,,,,,
2921,1/13/17 8:20,,0,,,,,,
2922,1/13/17 8:25,,0,,,,,,
2923,1/13/17 8:30,,0,,,,,,
2924,1/13/17 8:35,,0,,,,,,
2925,1/13/17 8:40,,0,,,,,,
2926,1/13/17 8:45,,0,,,,,,
2927,1/13/17 8:50,,0,,,,,,
2928,1/13/17 8:55,,0,,,,,,
2929,1/13/17 9:00,,0,,,,,,
2930,1/13/17 9:05,,0,,,,,,
2931,1/13/17 9:10,,0,,,,,,
2932,1/13/17 9:15,,0,,,,,,
2933,1/13/17 9:20,,0,,,,,,
2934,1/13/17 9:25,,0,,,,,,
2935,1/13/17 9:30,,0,,,,,,
2936,1/13/17 9:35,,0,,,,,,
2937,1/13/17 9:40,,0,,,,,,
2938,1/13/17 9:45,,0,,,,,,
2939,1/13/17 9:50,,0,,,,,,
2940,1/13/17 9:55,,0,,,,,,
2941,1/13/17 10:00,,0,,,,,,
2942,1/13/17 10:05,,0,,,,,,
2943,1/13/17 10:10,,0,,,,,,
2944,1/13/17 10:15,,0,,,,,,
2945,1/13/17 10:20,,0,,,,,,
2946,1/13/17 10:25,,0,,,,,,
2947,1/13/17 10:30,,0,,,,,,
2948,1/13/17 10:35,,0,,,,,,
2949,1/13/17 10:40,,0,,,,,,
2950,1/13/17 10:45,,0,,,,,,
2951,1/13/17 10:50,,0,,,,,,
2952,1/13/17 10:55,,0,,,,,,
2953,1/13/17 11:00,,0,,,,,,
2954,1/13/17 11:05,,0,,,,,,
2955,1/13/17 11:10,,0,,,,,,
2956,1/13/17 11:15,,0,,,,,,
2957,1/13/17 11:20,,0,,,,,,
2958,1/13/17 11:25,,0,,,,,,
2959,1/13/17 11:30,,0,,,,,,
2960,1/13/17 11:35,,0,,,,,,
2961,1/13/17 11:40,,0,,,,,,
2962,1/13/17 11:45,,0,,,,,,
2963,1/13/17 11:50,,0,,,,,,
2964,1/13/17 11:55,,0,,,,,,
2965,1/13/17 12:00,,0,,,,,,
2966,1/13/17 12:05,,0,,,,,,
2967,1/13/17 12:10,,0,,,,,,
2968,1/13/17 12:15,,0,,,,,,
2969,1/13/17 12:20,,0,,,,,,
2970,1/13/17 12:25,,0,,,,,,
2971,1/13/17 12:30,,0,,,,,,
2972,1/13/17 12:35,,0,,,,,,
2973,1/13/17 12:40,,0,,,,,,
2974,1/13/17 12:45,,0,,,,,,
2975,1/13/17 12:50,,0,,,,,,
2976,1/13/17 12:55,,0,,,,,,
2977,1/13/17 13:00,,0,,,,,,
2978,1/13/17 13:05,,0,,,,,,
2979,1/13/17 13:10,,0,,,,,,
2980,1/13/17 13:15,,0,,,,,,
2981,1/13/17 13:20,,0,,,,,,
2982,1/13/17 13:25,,0,,,,,,
2983,1/13/17 13:30,,0,,,,,,
2984,1/13/17 13:35,,0,,,,,,
2985,1/13/17 13:40,,0,,,,,,
2986,1/13/17 13:45,,0,,,,,,
2987,1/13/17 13:50,,0,,,,,,
2988,1/13/17 13:55,,0,,,,,,
2989,1/13/17 14:00,,0,,,,,,
2990,1/13/17 14:05,,0,,,,,,
2991,1/13/17 14:10,,0,,,,,,
2992,1/13/17 14:15,,0,,,,,,
2993,1/13/17 14:20,,0,,,,,,
2994,1/13/17 14:25,,0,,,,,,
2995,1/13/17 14:30,,0,,,,,,
2996,1/13/17 14:35,,0,,,,,,
2997,1/13/17 14:40,,0,,,,,,
2998,1/13/17 14:45,,0,,,,,,
2999,1/13/17 14:50,,0,,,,,,
3000,1/13/17 14:55,,0,,,,,,
3001,1/13/17 15:00,,0,,,,,,
3002,1/13/17 15:05,,0,,,,,,
3003,1/13/17 15:10,,0,,,,,,
3004,1/13/17 15:15,,0,,,,,,
3005,1/13/17 15:20,,0,,,,,,
3006,1/13/17 15:25,,0,,,,,,
3007,1/13/17 15:30,,0,,,,,,
3008,1/13/17 15:35,,0,,,,,,
3009,1/13/17 15:40,,0,,,,,,
3010,1/13/17 15:45,,0,,,,,,
3011,1/13/17 15:50,,0,,,,,,